date,delay,distance,origin,destination
02221605,3,358,BUR,SMF
01022100,-5,239,HOU,DAL
03210808,6,288,BWI,ALB
02042155,-15,313,MCI,OKC
01031304,23,935,PHX,TUL
01022052,26,1363,MCI,LAX
01181550,2,223,BUR,LAS
03041110,-3,321,MSY,BHM
01041210,-30,852,BDL,BNA
01241612,0,479,PDX,SMF
02141813,28,405,MDW,MCI
03212145,-10,223,BUR,LAS
02220830,-5,453,HOU,TUL
03281220,-2,646,OAK,PHX
03060605,-7,569,PDX,SJC
03151759,36,283,BDL,BWI
02041310,0,180,OAK,RNO
02031625,-9,296,BUR,SJC
03231610,-19,1363,MCI,LAX
02221938,18,276,HOU,HRL
03281355,-2,491,MCI,BNA
02141407,13,251,STL,MDW
02252025,45,296,LIT,DAL
02181325,2,405,MCI,MDW
02211140,5,251,STL,MDW
02261810,0,714,LAX,ELP
03300755,-3,358,BUR,SMF
01282020,-4,417,SAN,SJC
01181812,71,325,BUR,OAK
02252107,14,248,DAL,SAT
03241238,8,239,HOU,DAL
02242143,35,328,BWI,PVD
01231415,0,543,PDX,OAK
01230630,5,325,PHX,ONT
03241230,11,407,LAS,OAK
01201400,-4,448,BNA,CLE
03221515,16,337,LAX,OAK
03060640,8,188,SJC,RNO
03182149,13,325,ONT,PHX
03180930,10,1140,LAS,MCI
01261250,27,197,ONT,LAS
02261255,8,628,ABQ,SAN
02152208,65,197,TPA,FLL
02050640,19,288,ALB,BWI
02251315,0,453,TUL,HOU
03161941,9,1090,LAS,AUS
01162309,75,621,SJC,PHX
01281620,3,308,LAX,SJC
01020835,-26,1099,OMA,LAS
01011200,-7,397,SMF,LAS
01100615,5,399,SEA,BOI
03062010,-3,324,AMA,DAL
02261535,-10,314,BWI,CLE
01241217,22,325,BUR,OAK
03062025,-3,223,LAS,BUR
03030805,-2,358,SMF,BUR
03161733,37,417,SAN,SJC
01180945,-5,293,DAL,LBB
03101745,-3,321,MSY,BHM
01242200,-2,303,HOU,MSY
03071110,-13,1295,LAS,LIT
03131522,-3,254,STL,SDF
01181255,-2,1093,ISP,FLL
02072027,6,308,SJC,LAX
01191122,6,325,OAK,BUR
02230838,40,1407,BWI,SAT
02071928,3,325,ONT,PHX
02251805,28,671,SEA,OAK
03012010,5,714,LAX,ELP
01131620,-2,187,CRP,HOU
02060940,-8,248,SAT,DAL
01191448,8,325,OAK,BUR
01291900,35,239,HOU,DAL
03141330,-17,1107,SEA,PHX
03162123,35,480,SAN,SMF
02040900,-8,255,BWI,RDU
01201835,-7,417,SJC,SAN
01031310,44,1262,PHX,STL
01211308,16,308,SJC,LAX
01221330,-11,1107,SEA,PHX
01161440,-10,1073,ALB,MCO
03291815,-1,325,OAK,BUR
02161016,0,507,SLC,PHX
02192010,0,453,TUL,HOU
01261514,46,580,ABQ,DAL
02011954,0,580,DAL,ABQ
02091350,10,197,TPA,FLL
01191527,10,342,SNA,SJC
02210850,-5,236,LAX,LAS
03031612,17,448,BNA,CLE
01211200,-13,361,ONT,OAK
02251920,-2,319,DAL,MAF
01131030,-3,223,TUL,MCI
01090730,0,673,FLL,MSY
02251405,48,308,LAX,SJC
03221745,-5,255,RDU,BWI
03181224,22,407,LAS,OAK
01191230,-15,1164,SAN,AUS
03301415,-2,1048,TPA,MCI
02270940,-2,325,PHX,ONT
03150755,-1,321,BHM,MSY
01152050,-2,443,BNA,RDU
03071925,0,325,ONT,PHX
03271010,-2,192,HOU,SAT
03171020,-5,1552,ABQ,MCO
02171823,-17,1506,PHX,SDF
03211221,41,328,PVD,BWI
03150800,5,1037,PHX,OMA
01291100,-3,451,LAX,TUS
03100713,-2,443,RDU,BNA
02131534,29,308,LAX,SJC
01130945,-18,1301,PHX,MSY
02011805,-40,1162,AUS,RDU
01262050,34,1044,MCI,PHX
02060735,-8,181,OKC,DAL
01292122,10,371,SNA,OAK
01071020,-7,1069,SAT,LAS
03271353,83,255,BWI,RDU
02211127,10,248,SAT,DAL
01071640,-1,632,RDU,MDW
01280940,-9,1301,MSY,PHX
02161950,62,321,BHM,MSY
03241855,4,507,SLC,PHX
03311845,0,258,SAN,LAS
03250720,-7,479,SMF,PDX
03051310,-7,405,MDW,MCI
02040800,-14,251,STL,MDW
02211405,15,358,BUR,SMF
01102258,72,407,LAS,OAK
01180904,3,308,SJC,LAX
03201210,5,345,RNO,LAS
01111555,0,276,HRL,HOU
03041510,7,281,BUF,BWI
03121210,-10,325,OAK,BUR
02180955,-15,303,MSY,HOU
03021415,0,229,DTW,MDW
03180945,-3,148,AUS,HOU
02072000,35,308,LAX,SJC
01291520,-15,515,IND,BWI
01161550,0,448,BNA,CLE
01291325,100,737,BWI,STL
02111720,-8,520,LAS,BOI
02051101,20,304,SAN,PHX
03131350,0,197,ONT,LAS
02012024,33,822,BNA,SAT
03240924,2,1121,MDW,ABQ
01091345,45,386,SJC,LAS
01170800,12,437,MSY,DAL
01031210,-5,192,SAT,HOU
01230745,0,197,FLL,TPA
03311125,-8,303,HOU,MSY
03072035,28,368,LAS,SLC
02160705,-9,616,MCO,BNA
03012056,63,217,IAH,DAL
02011505,5,291,SLC,BOI
03131715,-9,248,SAT,DAL
02272155,10,313,MCI,OKC
01011545,10,1797,LAX,BNA
03201800,-5,229,MDW,DTW
01291045,22,224,GEG,SEA
03141109,55,386,SJC,LAS
01110705,-7,443,RDU,BNA
02201810,5,777,BDL,MDW
01161225,-3,587,RDU,TPA
02261952,12,256,PHX,LAS
01191636,37,803,ISP,BNA
03180955,-18,687,HOU,STL
02182015,2,880,MCO,STL
02081020,-14,1069,SAT,LAS
01220645,1,390,LAX,RNO
02261930,-4,239,HOU,DAL
03291804,25,308,LAX,SJC
01190830,-6,1262,STL,PHX
02271350,-10,236,LAS,LAX
03242020,-15,564,RNO,SEA
02161437,30,651,PHX,SFO
02190815,6,319,DAL,MAF
01091510,0,480,SAN,SMF
01171840,-5,888,JAN,BWI
02032020,-3,256,PHX,LAS
03301540,-1,479,SMF,PDX
01181155,2,423,OMA,MDW
01131930,-5,197,FLL,TPA
03311215,0,256,LAS,PHX
02011415,-12,407,LAS,OAK
02031040,-9,108,ISP,PVD
03311435,-7,1246,HOU,BWI
03090740,-3,303,HOU,MSY
02091926,44,335,BOI,RNO
03251105,6,687,HOU,STL
03311835,0,543,OAK,PDX
01251130,3,487,STL,CLE
03261150,-3,304,PHX,SAN
03221810,67,108,ISP,PVD
01111730,-2,220,ISP,BWI
03131620,-17,236,LAS,LAX
02010930,-3,1751,BNA,ONT
02071845,35,997,MDW,TPA
03131738,74,564,SEA,RNO
03142110,10,842,BWI,TPA
03191250,0,484,JAX,BNA
03251220,-6,237,TUL,DAL
02231134,9,368,LAS,SLC
03220800,0,1069,LAS,SAT
02031550,0,338,CMH,BNA
02181605,0,287,BOI,GEG
01161800,56,480,SAN,SMF
01291925,0,308,LAX,SJC
03092250,20,303,MSY,HOU
02251745,15,303,MSY,HOU
01281220,30,293,DAL,LBB
01180925,-3,829,CMH,TPA
02090950,-3,174,PBI,TPA
03140600,-3,405,MCI,MDW
02202215,-5,308,SJC,LAX
02012115,0,256,PHX,LAS
01151545,5,307,MDW,CLE
03091929,11,323,BHM,SDF
03171250,0,276,HOU,HRL
02061810,-1,777,BDL,MDW
02092020,45,296,LIT,DAL
02220821,4,1020,HOU,PHX
01052050,0,670,HOU,BNA
03182110,-2,229,IND,STL
01200845,0,293,LBB,DAL
01030840,3,1069,SAT,LAS
03051800,-6,271,MDW,SDF
01281720,0,423,OMA,MDW
01222210,-4,423,OMA,MDW
03110945,-9,328,PVD,BWI
01301420,7,423,OMA,MDW
02110630,-4,441,MAF,HOU
02191310,-10,478,BHM,MCO
02251748,55,370,LAX,PHX
02252020,-12,399,BOI,SEA
01040800,16,223,BUR,LAS
01061950,-7,333,SJC,ONT
03171220,0,1242,LAX,AUS
03132140,-5,325,BUR,OAK
02091220,-18,1455,PHX,BHM
01221830,0,570,BHM,MDW
01080800,0,972,ISP,MCO
01181440,0,288,BWI,ALB
02160955,-7,775,LAS,LBB
01131620,13,258,SAN,LAS
03170720,-2,373,LAX,SMF
03200620,-3,291,BOI,SLC
02122122,14,842,BWI,TPA
01051625,-2,192,SAT,HOU
02271450,18,646,PHX,OAK
02211300,12,446,OAK,SAN
03181035,-2,296,LIT,DAL
03151220,-22,1751,ONT,BNA
01130900,14,251,STL,MDW
03250905,3,405,MDW,MCI
01051940,6,258,LAS,SAN
02211245,4,1137,PVD,TPA
03201535,-32,2237,LAS,ALB
03021630,5,838,TPA,IND
02151140,-7,288,BWI,ALB
03121025,-2,296,STL,LIT
02131638,44,687,STL,HOU
01021321,19,580,DAL,ABQ
01131324,-7,646,OAK,PHX
01250725,-14,866,LAS,SEA
01290845,11,670,BNA,HOU
01061540,3,148,AUS,HOU
02051755,-12,304,PHX,SAN
03281710,-2,321,MSY,BHM
02100850,-5,2039,LAS,MCO
01200845,135,368,SLC,LAS
02251535,17,142,MCO,PBI
03241205,-13,373,LAX,SMF
03221515,-6,296,DAL,LIT
03270805,-5,325,BUR,OAK
02061430,-1,337,LAX,OAK
01102120,-4,281,BWI,BUF
01130930,10,223,ELP,ABQ
01081515,7,229,STL,IND
03070615,-5,562,ELP,DAL
02221720,-13,934,ABQ,STL
03101245,0,178,FLL,MCO
03232233,13,251,STL,MDW
02280800,5,407,OAK,LAS
03092052,65,621,PHX,SJC
02121505,-10,584,ELP,LAS
02270640,4,417,SAN,SJC
01221500,-11,148,HOU,AUS
02071830,-10,611,MDW,BWI
02211225,-5,1797,BNA,LAX
01251625,-10,570,MDW,BHM
01231440,4,307,CLE,MDW
02081420,0,616,BNA,MCO
03062139,20,325,PHX,ONT
02181320,-6,671,SEA,OAK
02280730,0,223,ELP,ABQ
02051745,-5,197,FLL,TPA
01251840,0,590,SLC,LAX
02250725,-5,281,BUF,BWI
01171625,2,361,ONT,OAK
01142055,35,328,BWI,PVD
01041429,7,495,BWI,SDF
01122150,49,237,DAL,TUL
03202030,-10,1048,MCI,TPA
03170625,-8,399,SEA,BOI
02071515,12,276,HRL,HOU
03061740,-10,328,PVD,BWI
01121140,-17,967,BWI,MCI
02020735,-10,294,AUS,MAF
03231503,-3,569,PDX,SJC
03151210,-1,323,SDF,BHM
01281722,14,1262,PHX,STL
02162000,35,647,PHX,SMF
02051810,-6,714,LAX,ELP
01251914,-7,251,MDW,STL
03152005,0,217,IAH,DAL
03230620,-3,358,SMF,BUR
02151416,8,337,OAK,LAX
01281045,-5,325,BUR,OAK
02071640,35,833,PHX,OKC
02241300,-5,178,MCO,FLL
03140815,2,223,TUL,MCI
01161146,14,1333,MCI,SAN
03090825,0,989,MCO,MDW
01301620,-6,308,LAX,SJC
01042051,0,361,ONT,OAK
03212025,-11,590,LAX,SLC
02152200,43,495,BWI,SDF
03292030,7,1048,MCI,TPA
02021335,5,229,MDW,DTW
02021755,26,283,BDL,BWI
03261305,0,328,ABQ,PHX
02022158,29,304,SAN,PHX
02221600,10,590,SLC,LAX
01081605,-1,229,DTW,MDW
01171002,13,248,SAT,DAL
02241818,28,328,PVD,BWI
03170840,34,256,LAS,PHX
02122000,-5,487,ABQ,LAS
03082040,135,417,SAN,SJC
01231055,5,395,BNA,MDW
03151100,3,256,LAS,PHX
03111111,11,303,HOU,MSY
01070645,-6,251,STL,MDW
03311652,85,666,MDW,JAN
03270900,0,1034,ISP,TPA
03252105,5,328,BWI,PVD
02081030,7,1444,MDW,PHX
03141355,2,358,BUR,SMF
03201700,-7,337,OAK,LAX
01160750,4,689,SEA,SLC
01100635,-11,588,BWI,BNA
01070945,-9,180,RNO,OAK
01092035,19,453,HOU,TUL
01131130,-1,239,DAL,HOU
01051125,-7,496,SAT,ELP
01191640,25,239,HOU,DAL
01191635,45,471,BNA,MSY
03042148,68,842,TPA,BWI
03311705,25,550,MCO,MSY
03041235,-4,370,LAX,PHX
01011205,-5,373,LAX,SMF
01291353,11,223,BUR,LAS
01221425,-9,677,LAX,ABQ
01220915,-16,1073,MCO,PVD
01201306,-2,590,SLC,LAX
02041155,-8,997,TPA,MDW
01200845,-4,296,STL,LIT
01311200,2,162,IND,MDW
01210910,-9,304,PHX,SAN
01011308,9,370,LAX,PHX
03261446,-5,345,LAS,RNO
02011000,-10,229,DTW,MDW
03081124,0,187,CRP,HOU
01051110,3,347,PHX,ELP
02280705,0,546,GEG,SLC
01151805,-2,446,OAK,SAN
02132100,54,487,ABQ,LAS
01172020,15,229,MDW,DTW
01151735,-10,407,LAS,OAK
01292117,9,580,ABQ,DAL
01101410,70,308,LAX,SJC
03171623,5,405,MCI,MDW
02160745,-5,223,BUR,LAS
01220735,9,177,BNA,BHM
01170715,-14,546,GEG,SLC
03201840,-10,328,ABQ,PHX
01191136,30,370,LAX,PHX
01160735,-5,181,OKC,DAL
02101050,41,1671,DTW,PHX
02262025,-7,838,IND,TPA
01171530,0,796,MAF,LAS
01281545,16,1363,LAX,MCI
02280700,-2,377,BWI,MHT
02070740,5,437,MSY,DAL
03152100,-7,417,SAN,SJC
03030950,-5,174,PBI,TPA
03031730,-6,258,SAN,LAS
03072105,15,328,PHX,ABQ
02151200,11,319,MAF,DAL
03080855,-4,390,RNO,LAX
03210855,-5,395,MDW,BNA
02241843,15,371,SNA,OAK
01291700,-10,192,SAT,HOU
02081225,-12,1797,BNA,LAX
03291259,10,446,OAK,SAN
02091222,72,351,TUL,STL
01291455,-8,569,PDX,SJC
03191110,-6,324,AMA,DAL
02260700,30,677,ABQ,LAX
02252225,60,389,SMF,ONT
03151812,23,328,BWI,PVD
02071320,-5,236,LAX,LAS
03232137,13,178,MCO,FLL
03100815,-15,307,CLE,MDW
03281805,-3,321,ABQ,TUS
01081605,-17,765,ISP,MDW
03200640,-6,601,RNO,PHX
03271505,-10,328,ABQ,PHX
03221726,39,487,STL,CLE
01132010,-7,328,BWI,PVD
01081036,8,365,TUS,LAS
02140840,28,1236,MHT,MCI
01191505,-10,284,CMH,MDW
01291305,104,491,BNA,MCI
01161120,-7,444,PDX,RNO
03281520,5,251,MDW,STL
01262055,-10,174,TPA,PBI
01221928,7,405,MCI,MDW
01242305,-3,256,LAS,PHX
03211815,-6,251,STL,MDW
03011707,17,197,LAS,ONT
01270905,8,838,MDW,MHT
01201938,32,1072,MCI,MCO
01121115,65,296,LIT,STL
03311800,-3,223,BUR,LAS
03201330,-2,371,OAK,SNA
03272030,0,370,PHX,LAX
01131733,78,397,LAS,SMF
02181228,2,345,LAS,RNO
03311415,-34,859,JAX,ISP
02241510,26,325,OAK,BUR
02170910,-6,276,HRL,HOU
01251645,0,197,LAS,ONT
01281900,6,283,BDL,BWI
03231810,-8,256,PHX,LAS
02150945,-11,1448,PHX,BNA
01031020,-3,258,LAS,SAN
03221810,5,239,DAL,HOU
01091825,-25,997,MDW,TPA
01041300,-5,308,SJC,LAX
01290700,2,256,PHX,LAS
01201525,45,254,STL,SDF
03291738,22,588,BWI,BNA
03091310,-9,677,ELP,HOU
02161835,16,248,DAL,SAT
02281855,0,321,BHM,MSY
03141340,-10,256,LAS,PHX
02121606,5,276,HRL,HOU
01260900,-2,239,DAL,HOU
02111705,-10,295,ELP,LBB
01030950,0,324,AMA,DAL
02060700,-5,337,OAK,LAX
02281130,-3,342,STL,OMA
02122100,112,308,LAX,SJC
03090700,0,303,MSY,HOU
01301600,17,1262,STL,PHX
03201710,2,321,MSY,BHM
03232125,9,611,BWI,MDW
02071226,36,229,MDW,DTW
02270645,-10,284,MDW,CMH
02031040,-3,304,PHX,SAN
02031935,-5,647,PHX,SMF
03221210,-12,1140,MCI,LAS
03190847,7,296,STL,LIT
01260850,-1,447,SFO,SAN
01011410,-5,271,MDW,SDF
01201325,-4,440,STL,DTW
03251430,15,236,LAX,LAS
02181401,4,248,SAT,DAL
03190630,-25,833,OKC,PHX
02071015,-10,1040,MCO,SAT
03050825,-2,989,MCO,MDW
01181545,3,447,SFO,SAN
03291740,-5,303,HOU,MSY
02062045,-8,342,SNA,SJC
03050630,0,611,MDW,BWI
02230855,-7,588,BNA,BWI
02262340,110,588,BNA,BWI
02081630,19,507,SLC,PHX
01291230,2,189,DAL,AUS
02262136,6,189,DAL,AUS
01270700,-10,423,OMA,MDW
01260800,14,883,PBI,BWI
03231637,4,437,DAL,MSY
02010630,1,373,SMF,LAX
03051500,-4,239,HOU,DAL
01251105,0,564,RNO,SEA
03121430,11,616,BNA,MCO
01261234,12,325,PHX,ONT
01282050,3,611,MDW,BWI
02071120,5,446,SAN,OAK
03291410,-5,670,BNA,HOU
02121145,-5,319,DAL,MAF
02041725,-13,296,STL,LIT
03070650,-2,543,PDX,OAK
01281255,-2,271,MDW,SDF
03052120,-3,192,HOU,SAT
03310625,6,451,TUS,LAX
03170815,-2,217,IAH,DAL
03080800,1,342,SJC,SNA
03251114,20,337,OAK,LAX
03021032,-2,239,DAL,HOU
02161250,24,256,LAS,PHX
03271525,0,423,OMA,MDW
01261500,0,628,ABQ,SAN
02171420,14,397,SMF,LAS
01071330,3,689,SLC,SEA
01121619,57,258,LAS,SAN
02020750,-5,174,PBI,TPA
01050530,5,370,LAX,PHX
01281943,60,1506,PHX,SDF
03151535,32,197,TPA,FLL
03091240,34,373,SMF,LAX
03040825,-9,229,MDW,DTW
02151325,0,405,MCI,MDW
01031820,0,192,SAT,HOU
03152030,-15,938,BNA,MHT
03151639,25,397,LAS,SMF
03180735,-22,1497,TPA,ABQ
03090910,0,223,ELP,ABQ
01281425,-5,358,SMF,BUR
01161810,30,405,MDW,MCI
03232000,21,543,PDX,OAK
01080630,0,373,SMF,LAX
02151515,3,446,OAK,SAN
02211705,-10,108,ISP,PVD
01011730,-5,697,SEA,SJC
02112010,7,256,LAS,PHX
03221605,-2,318,JAX,FLL
01021322,47,229,DTW,MDW
01282125,48,663,BWI,JAX
03311352,-3,1489,OAK,MCI
03311600,-2,358,BUR,SMF
01261529,58,370,LAX,PHX
03181145,-2,319,MAF,DAL
02161135,-10,410,CMH,STL
03050935,17,2277,PHX,PVD
01202110,-5,451,MCI,IND
03281950,5,277,AMA,ABQ
02241825,85,687,HOU,STL
01181150,9,345,LAS,RNO
01250845,-3,670,BNA,HOU
01191120,14,457,DTW,BNA
01161755,-13,588,SLC,OAK
01310720,-10,762,PDX,LAS
03091350,-3,328,PHX,ABQ
03081655,27,321,MSY,BHM
03021710,0,405,MDW,MCI
02231555,-1,1912,PHX,BUF
03160841,-1,325,OAK,BUR
01212130,-5,239,HOU,DAL
03301239,9,423,MDW,OMA
03081340,-4,718,MCI,ABQ
01190925,8,588,BNA,BWI
01070715,-2,419,HOU,OKC
02181550,11,1044,PHX,MCI
02191750,73,236,LAS,LAX
02182253,28,303,MSY,HOU
03141415,-2,229,DTW,MDW
01151530,-6,237,STL,MCI
03281420,-14,1262,PHX,STL
02191940,5,588,SLC,OAK
01021320,1,342,SNA,SJC
03022045,-3,229,DTW,MDW
01152050,15,256,PHX,LAS
01111530,0,580,DAL,ABQ
03310700,5,1072,MCO,MCI
01291634,61,197,TPA,FLL
03130700,4,457,DTW,BNA
02151957,165,237,TUL,DAL
02090840,0,321,BHM,MSY
03052050,35,337,OAK,LAX
02150615,10,491,BNA,MCI
02200813,8,325,BUR,OAK
01151220,0,293,DAL,LBB
01100820,-1,562,DAL,ELP
01220705,-10,223,ABQ,ELP
03140745,2,223,BUR,LAS
01281400,-2,224,GEG,SEA
01051454,18,236,LAS,LAX
02061725,-8,471,BNA,MSY
03021726,32,417,SAN,SJC
01251350,6,562,DAL,ELP
03031715,-11,342,STL,OMA
01211930,7,389,SMF,ONT
01031630,25,833,PHX,OKC
03292140,3,601,PHX,RNO
01151618,6,419,OKC,HOU
02220730,-4,787,BWI,MCO
03301824,5,325,BUR,OAK
02281134,96,1772,LAS,CMH
03111300,-5,361,OAK,ONT
02101925,21,342,OMA,STL
02241215,-8,328,BWI,PVD
01161945,-3,258,SAN,LAS
03301130,-5,487,STL,CLE
03101025,0,405,MDW,MCI
01190700,-8,1090,AUS,LAS
03111540,-12,229,MDW,DTW
01250915,1,237,DAL,TUL
03170725,8,866,LAS,SEA
02280650,8,181,OKC,DAL
03201420,-2,324,DAL,AMA
03151445,9,239,HOU,DAL
01082038,42,347,ELP,PHX
02061720,-2,562,DAL,ELP
03012032,57,239,HOU,DAL
03191330,-8,281,BWI,BUF
02191555,5,616,MCO,BNA
02061100,-9,451,LAX,TUS
03010915,4,1073,MCO,PVD
01261220,-5,842,PVD,MDW
01281215,-8,852,BDL,BNA
01060820,-4,1588,LAS,BNA
03251210,4,323,SDF,BHM
01101310,-12,288,ALB,BWI
03211815,22,369,BUR,PHX
03130720,0,479,SMF,PDX
02192045,-8,148,AUS,HOU
02281150,-4,423,OMA,MDW
02221225,0,1797,BNA,LAX
01161505,38,307,CLE,MDW
03241525,-3,666,MDW,JAN
02091800,2,237,DAL,TUL
01312110,0,405,MDW,MCI
01021128,20,440,DTW,STL
03061520,5,377,BWI,MHT
01241625,9,883,PBI,BWI
01242030,45,528,ELP,AUS
03241240,-5,621,SJC,PHX
02091936,43,342,SJC,SNA
01130750,-6,367,TUS,SAN
03090805,0,338,CMH,BNA
01101616,36,189,DAL,AUS
03010800,-13,822,SAT,BNA
03161545,3,446,SAN,OAK
01301835,25,347,PHX,ELP
03280640,-8,670,HOU,BNA
03131405,0,188,SJC,RNO
03091740,0,872,AUS,PHX
03152040,-10,417,SJC,SAN
02232132,36,251,MDW,STL
02151330,1,237,MCI,STL
01061345,110,689,SEA,SLC
01032050,43,880,MCO,STL
03061845,-6,335,BOI,RNO
01180925,-5,1489,MCI,SEA
01231025,-5,296,STL,LIT
03130733,8,108,ISP,PVD
02091357,102,1072,MCI,MCO
03150905,12,487,MSY,TPA
03120655,-4,1481,PDX,MCI
02021554,13,283,BDL,BWI
01031010,-6,419,OKC,HOU
01191115,2,237,DAL,TUL
03251615,-5,197,TPA,FLL
02131150,-5,180,JAX,TPA
02192315,117,308,LAX,SJC
01080620,0,358,SMF,BUR
03100910,10,1442,SMF,MCI
01100650,-2,181,OKC,DAL
01251700,0,236,LAS,LAX
02161337,25,308,LAX,SJC
02071116,14,248,DAL,SAT
02240810,1,1814,LAX,IND
01081335,46,308,SJC,LAX
01170920,-4,588,BWI,BNA
01091038,15,256,PHX,LAS
01181105,-4,447,SAN,SFO
01032115,24,197,LAS,ONT
02251138,14,187,CRP,HOU
03020745,13,371,SNA,OAK
01041522,5,342,SNA,SJC
03271705,-2,251,MDW,STL
03291639,31,1020,HOU,PHX
02011807,0,229,MDW,DTW
03132142,80,328,BWI,PVD
01211740,0,587,JAN,MCO
01291935,-7,365,TUS,LAS
02181140,13,1489,IND,PHX
02111910,-5,803,ISP,BNA
01180700,-3,237,DAL,TUL
03041215,18,337,LAX,OAK
02101938,10,293,LBB,DAL
03101700,-15,337,OAK,LAX
03191125,8,543,PDX,OAK
03172100,-5,446,OAK,SAN
02222135,3,358,BUR,SMF
02232055,65,458,DAL,HRL
02100800,0,487,LAS,ABQ
03231129,6,359,HOU,JAN
02211350,-8,611,MDW,BWI
02251130,0,487,ABQ,LAS
03221025,0,397,SMF,LAS
03201920,-8,162,IND,MDW
03071103,20,883,BWI,PBI
03311425,0,1180,SEA,ABQ
02022108,5,569,SJC,PDX
02171837,-16,1591,LAS,IND
01252157,45,389,ONT,SMF
01030740,-2,587,TPA,RDU
03121115,6,1020,PHX,HOU
03210845,10,325,ONT,PHX
02262045,18,399,BOI,SEA
02221415,-10,543,PDX,OAK
01220810,-3,197,ONT,LAS
02221655,12,677,ABQ,LAX
01160700,-8,313,OKC,MCI
02060815,-6,677,LAX,ABQ
03230945,-13,1448,PHX,BNA
03302123,5,313,OKC,MCI
02041525,-6,666,MDW,JAN
03221100,-8,636,ELP,SAN
03220940,-14,462,OKC,STL
01031709,112,480,SAN,SMF
01091710,11,1262,PHX,STL
01081900,-2,370,PHX,LAX
02041855,-2,236,LAS,LAX
03021555,-2,325,PHX,ONT
03071830,3,570,BHM,MDW
02221625,-6,1093,FLL,ISP
03160755,0,321,BHM,MSY
03262050,12,410,STL,CMH
03261907,20,255,BWI,RDU
02190820,8,1044,MCI,PHX
01220745,-1,487,TPA,MSY
03261950,18,616,BNA,MCO
01131920,-3,612,BNA,TPA
01111745,8,515,BWI,IND
02261605,61,256,PHX,LAS
03102048,8,303,MSY,HOU
01290805,-9,1448,BNA,PHX
01221615,-13,1140,LAS,MCI
02121135,-1,405,MDW,MCI
03171440,-12,646,OAK,PHX
03220805,-5,1448,BNA,PHX
03211538,0,258,LAS,SAN
02051840,7,328,ABQ,PHX
01051415,-1,480,SMF,SAN
03292155,28,386,SJC,LAS
02112055,10,189,AUS,DAL
01082002,7,1140,LAS,MCI
02191305,13,180,TPA,JAX
01291010,-5,422,SLC,RNO
01242058,84,177,BNA,BHM
02251757,82,239,HOU,DAL
03230845,-13,1624,LAS,SDF
03031720,-2,307,CLE,MDW
02150725,-4,308,LAX,SJC
01172140,0,314,BWI,CLE
03020845,15,342,SNA,SJC
03251845,0,335,BOI,RNO
02120710,-12,803,BNA,ISP
01240905,5,628,ABQ,SAN
02111835,11,671,SEA,OAK
01052015,7,258,LAS,SAN
03021430,0,621,PHX,SJC
03272105,-10,451,MCI,IND
02151704,0,762,PDX,LAS
01031325,44,759,ABQ,HOU
01120005,162,1020,PHX,HOU
03161335,-3,319,DAL,MAF
01310855,28,697,SJC,SEA
02131513,8,919,MCI,SLC
01061704,2,377,BWI,MHT
02121315,0,550,MSY,MCO
02011230,-32,2237,ALB,LAS
03310720,-2,446,OAK,SAN
03141743,14,967,BWI,MCI
02201445,-5,251,MDW,STL
02201820,0,248,DAL,SAT
03221325,-4,487,MSY,TPA
03251215,0,938,MHT,BNA
01251340,-4,223,BUR,LAS
03201250,-3,562,ELP,DAL
02061510,3,197,ONT,LAS
03161943,49,480,SMF,SAN
02210853,20,417,SJC,SAN
02261150,0,371,SNA,OAK
03071135,-10,671,SEA,OAK
02131942,18,1140,LAS,MCI
03051343,16,395,BNA,MDW
01051222,12,588,BWI,BNA
01192115,-15,1020,PHX,HOU
02251359,3,368,SLC,LAS
01262118,69,337,OAK,LAX
03281850,-3,281,BWI,BUF
01080735,3,177,BNA,BHM
03021932,0,405,MDW,MCI
02160655,7,342,SJC,SNA
01141715,14,236,LAS,LAX
03141000,5,630,SLC,PDX
01230755,5,283,BWI,BDL
02011720,-8,229,IND,STL
02171955,-10,515,IND,BWI
01171445,0,251,MDW,STL
03312040,-17,1142,MCO,MHT
03281600,-7,258,LAS,SAN
01260715,-8,318,JAX,FLL
02060645,-10,550,MSY,MCO
01020645,-2,446,SAN,OAK
02261843,22,1363,LAX,MCI
03261448,10,304,SAN,PHX
03081055,-9,460,BHM,TPA
03210930,1,281,BUF,BWI
02180700,-10,359,HOU,JAN
02171148,19,303,HOU,MSY
01200940,-5,1977,BNA,SEA
02111000,-13,417,SJC,SAN
02041500,93,550,MCO,MSY
02091910,27,1072,MCI,MCO
01092040,1,223,LAS,BUR
02111300,-3,1262,PHX,STL
01271905,0,233,HRL,SAT
01201450,-8,308,LAX,SJC
01262000,55,632,MDW,RDU
02090630,3,293,LBB,DAL
03191645,33,1448,PHX,BNA
02232030,-7,370,PHX,LAX
02061135,-3,397,LAS,SMF
01121952,100,1162,AUS,RDU
03200930,-2,189,DAL,AUS
01131025,0,328,PHX,ABQ
02021846,20,248,DAL,SAT
02121133,99,308,SJC,LAX
02111957,14,793,BNA,FLL
02081315,-7,967,MCI,BWI
03101150,0,390,LAX,RNO
03241220,-19,1142,MCO,MHT
01270755,0,192,HOU,SAT
01190915,-5,395,BNA,MDW
03030805,4,314,BWI,CLE
03310815,-2,248,SAT,DAL
02242019,0,368,LAS,SLC
01281800,-5,337,OAK,LAX
02241723,75,714,ELP,LAX
03221045,17,237,TUL,DAL
03030910,-3,1442,SMF,MCI
02242347,113,588,BNA,BWI
01011648,15,765,MDW,ISP
03220755,3,283,BWI,BDL
01091416,26,584,LAS,ELP
02131100,14,1912,BUF,PHX
02030730,45,550,MSY,MCO
03271440,-2,303,MSY,HOU
03022025,3,178,MCO,FLL
02251735,0,318,FLL,JAX
01240752,11,248,DAL,SAT
02111955,0,479,PDX,SMF
03131655,3,446,OAK,SAN
03221030,-5,370,PHX,LAX
03271200,-15,337,OAK,LAX
03051528,22,1009,PHX,PDX
03051340,12,224,SEA,GEG
03011630,48,217,DAL,IAH
01151515,5,405,MDW,MCI
03111540,-2,590,LAX,SLC
03051456,74,368,SLC,LAS
03231556,12,328,PVD,BWI
01161945,-6,495,BWI,SDF
03202020,31,446,OAK,SAN
03161915,8,371,SNA,OAK
01300815,0,217,IAH,DAL
01251750,-12,177,BHM,BNA
03060905,-3,487,MSY,TPA
01281810,-8,688,IND,JAX
01041950,-5,495,BWI,SDF
01080730,-6,337,LAX,OAK
02262120,25,328,PHX,ABQ
01201550,-11,271,MDW,SDF
03021805,46,307,CLE,MDW
01191625,3,248,DAL,SAT
03022340,103,407,LAS,OAK
01121935,62,254,STL,SDF
02060645,7,296,SJC,BUR
01181320,-7,181,DAL,OKC
01251755,20,370,LAX,PHX
03282145,14,337,LAX,OAK
01281205,0,223,BUR,LAS
01171643,28,564,SEA,RNO
02071745,38,321,MSY,BHM
02260845,-2,148,AUS,HOU
01251345,12,671,OAK,SEA
02021410,-7,371,SNA,OAK
03161615,74,296,DAL,LIT
03092035,-2,405,MCI,MDW
03262120,-1,237,DAL,TUL
01221040,-7,313,MCI,OKC
01070730,0,239,HOU,DAL
02181506,-2,843,PHX,SAT
03190708,8,528,ELP,AUS
01170745,-14,997,MDW,TPA
03200800,-12,1140,MCI,LAS
02262035,-15,281,BUF,BWI
01071518,19,446,SAN,OAK
03242100,15,405,MCI,MDW
03090800,-18,671,SEA,OAK
01251440,-3,479,PDX,SMF
01041050,0,333,SJC,ONT
03021208,6,162,IND,MDW
01101955,-2,377,MHT,BWI
02070905,17,1751,BNA,SAN
03161125,4,1020,PHX,HOU
03190730,-4,471,MSY,BNA
02020900,23,670,BNA,HOU
02260940,3,319,MAF,DAL
03300630,-13,407,OAK,LAS
03121550,-3,371,OAK,SNA
02250900,4,370,LAX,PHX
01161330,-5,337,OAK,LAX
02170925,-1,410,STL,BHM
01121508,21,671,SEA,OAK
01062100,10,756,BNA,AUS
02141100,0,189,DAL,AUS
02250625,5,451,TUS,LAX
02261958,5,1489,MCI,OAK
02100700,-19,588,BNA,BWI
02251726,7,187,HOU,CRP
03271830,-5,1069,LAS,SAT
02141720,3,520,LAS,BOI
02211815,5,223,ELP,ABQ
02040810,-9,328,ABQ,PHX
02211640,-7,687,HOU,STL
01111150,10,304,PHX,SAN
03232050,-3,621,PHX,SJC
03161838,83,550,MSY,MCO
01070855,0,395,MDW,BNA
03110825,-8,296,BUR,SJC
01161410,5,491,MCI,BNA
02071930,-2,237,MCI,STL
01061638,-13,1797,BNA,LAX
03311615,-6,480,SMF,SAN
01312025,-8,325,BUR,OAK
02191311,13,276,HRL,HOU
01231615,-5,319,MAF,DAL
01280820,-5,872,PHX,AUS
03282155,-15,397,SMF,LAS
03050625,-15,258,SAN,LAS
01170615,10,453,TUL,HOU
02201615,0,448,CLE,BNA
02261645,-5,181,OKC,DAL
03161325,6,389,ONT,SMF
01161110,-11,612,TPA,BNA
02131252,52,393,HOU,LIT
01022150,51,480,SMF,SAN
02201040,8,708,IND,MSY
03041800,4,410,CMH,STL
01141250,-2,276,HOU,HRL
01061140,-1,251,STL,MDW
01271420,2,283,BWI,BDL
03061750,25,423,OMA,MDW
01051735,-7,296,LIT,DAL
03241544,13,423,OMA,MDW
01281620,-17,308,SJC,LAX
02040740,22,308,SJC,LAX
01010805,-8,822,SAT,BNA
01181005,-12,677,ABQ,LAX
02141633,25,833,PHX,OKC
03152015,33,419,HOU,OKC
02191933,136,337,OAK,LAX
01141930,8,1236,MCI,MHT
01191610,-2,319,MAF,DAL
03310640,-10,507,SLC,PHX
01111220,-8,496,ELP,SAT
02171326,4,671,SEA,OAK
03290945,12,471,BNA,MSY
03261518,25,220,BWI,ISP
03011942,-2,108,ISP,PVD
01160800,8,288,BWI,ALB
03240755,-2,236,LAS,LAX
01151743,18,842,BWI,TPA
01112000,40,251,STL,MDW
02171608,20,446,SAN,OAK
01210700,-10,258,LAS,SAN
03042153,5,507,SLC,PHX
02032025,5,787,BWI,MCO
03251505,5,714,ELP,LAX
03011923,20,471,MSY,BNA
01101735,5,515,BWI,IND
01211025,-13,162,MDW,IND
02221110,-4,358,BUR,SMF
03261640,-6,1235,LAS,HOU
03082125,113,180,OAK,RNO
03051333,-8,342,SNA,SJC
03011440,13,580,ABQ,DAL
03101325,-5,335,BOI,RNO
03170830,20,1448,BNA,PHX
01041339,20,1107,PHX,SEA
01171057,18,192,SAT,HOU
