"date","time","open","high","low","close","volume"
06/18/2018,0930,187.87,187.96,187.2,187.42,430443
06/18/2018,0931,187.45,187.7,187.41,187.7,104841
06/18/2018,0932,187.71,187.83,187.49,187.74,105281
06/18/2018,0933,187.68,187.73,187.55,187.64,93190
06/18/2018,0934,187.66,187.8,187.5,187.64,92257
06/18/2018,0935,187.65,187.69,187.48,187.62,56573
06/18/2018,0936,187.62,187.7,187.54,187.69,64474
06/18/2018,0937,187.7,187.9,187.7,187.86,80549
06/18/2018,0938,187.86,187.89,187.74,187.82,68384
06/18/2018,0939,187.81,187.84,187.6,187.76,89729
06/18/2018,0940,187.76,187.76,187.58,187.71,38232
06/18/2018,0941,187.72,187.84,187.68,187.84,41815
06/18/2018,0942,187.85,187.9,187.8,187.87,55918
06/18/2018,0943,187.87,187.98,187.84,187.89,61187
06/18/2018,0944,187.9,187.94,187.8,187.91,51829
06/18/2018,0945,187.9,187.94,187.7,187.71,50520
06/18/2018,0946,187.71,187.83,187.7,187.8,58577
06/18/2018,0947,187.81,188.05,187.73,188.05,89728
06/18/2018,0948,188.05,188.14,188.01,188.06,100995
06/18/2018,0949,188.05,188.05,187.83,187.92,52290
06/18/2018,0950,187.92,188.05,187.92,187.99,46502
06/18/2018,0951,187.98,188.19,187.97,188.19,86808
06/18/2018,0952,188.17,188.24,188.05,188.05,88224
06/18/2018,0953,188.06,188.14,188,188,38918
06/18/2018,0954,188,188.14,187.98,188.1,35049
06/18/2018,0955,188.09,188.16,187.98,187.99,50888
06/18/2018,0956,188,188.22,187.99,188.18,66907
06/18/2018,0957,188.18,188.33,188.17,188.24,78451
06/18/2018,0958,188.23,188.26,188.15,188.18,38521
06/18/2018,0959,188.18,188.3,188.07,188.08,59990
06/18/2018,1000,188.06,188.08,187.78,187.8,82883
06/18/2018,1001,187.8,187.91,187.74,187.84,42321
06/18/2018,1002,187.85,187.9,187.72,187.89,73792
06/18/2018,1003,187.89,187.98,187.89,187.97,50526
06/18/2018,1004,187.98,188.21,187.98,188.21,63055
06/18/2018,1005,188.21,188.28,188.16,188.24,37410
06/18/2018,1006,188.25,188.31,188.15,188.19,47905
06/18/2018,1007,188.18,188.26,188.1,188.12,25774
06/18/2018,1008,188.12,188.17,188.05,188.1,34594
06/18/2018,1009,188.09,188.17,188.08,188.08,33139
06/18/2018,1010,188.08,188.09,187.77,187.82,75178
06/18/2018,1011,187.83,187.92,187.82,187.86,36600
06/18/2018,1012,187.85,188.16,187.85,188.11,56537
06/18/2018,1013,188.1,188.13,187.81,187.83,48939
06/18/2018,1014,187.84,187.86,187.77,187.83,62696
06/18/2018,1015,187.83,187.9,187.8,187.9,27718
06/18/2018,1016,187.93,187.98,187.8,187.96,36508
06/18/2018,1017,187.95,187.99,187.85,187.99,33624
06/18/2018,1018,187.98,188.03,187.93,188.03,29150
06/18/2018,1019,188.02,188.09,187.99,188.01,24510
06/18/2018,1020,188.03,188.16,187.92,188.14,69478
06/18/2018,1021,188.14,188.14,187.88,187.93,45356
06/18/2018,1022,187.93,188.03,187.85,187.97,36194
06/18/2018,1023,187.98,188.04,187.91,188,32318
06/18/2018,1024,188,188.06,187.95,188.01,26216
06/18/2018,1025,188.01,188.02,187.92,187.96,34143
06/18/2018,1026,187.98,187.98,187.87,187.9,27925
06/18/2018,1027,187.91,187.92,187.84,187.9,25790
06/18/2018,1028,187.9,187.92,187.78,187.82,48240
06/18/2018,1029,187.82,187.88,187.73,187.73,31667
06/18/2018,1030,187.74,187.9,187.74,187.89,39255
06/18/2018,1031,187.89,187.9,187.83,187.84,23946
06/18/2018,1032,187.85,187.92,187.8,187.91,47001
06/18/2018,1033,187.9,187.94,187.88,187.89,23104
06/18/2018,1034,187.89,187.95,187.84,187.91,23143
06/18/2018,1035,187.92,188.18,187.9,188.12,69806
06/18/2018,1036,188.13,188.19,188.12,188.15,32426
06/18/2018,1037,188.16,188.34,188.16,188.24,74762
06/18/2018,1038,188.28,188.32,188.2,188.31,40174
06/18/2018,1039,188.31,188.36,188.25,188.28,29916
06/18/2018,1040,188.29,188.4,188.29,188.39,36119
06/18/2018,1041,188.4,188.49,188.39,188.48,42967
06/18/2018,1042,188.47,188.51,188.41,188.51,38792
06/18/2018,1043,188.51,188.56,188.46,188.55,33177
06/18/2018,1044,188.55,188.63,188.45,188.61,58145
06/18/2018,1045,188.61,188.78,188.59,188.77,52100
06/18/2018,1046,188.76,188.83,188.69,188.8,83336
06/18/2018,1047,188.8,188.92,188.79,188.87,51097
06/18/2018,1048,188.87,189.02,188.84,189.01,75689
06/18/2018,1049,189.01,189.06,188.91,188.93,58039
06/18/2018,1050,188.93,188.98,188.85,188.96,34221
06/18/2018,1051,188.95,189.11,188.94,189.11,46308
06/18/2018,1052,189.1,189.22,189.08,189.16,59258
06/18/2018,1053,189.15,189.22,189.04,189.06,59187
06/18/2018,1054,189.06,189.13,188.99,189.1,29097
06/18/2018,1055,189.1,189.14,189.09,189.14,26423
06/18/2018,1056,189.15,189.16,188.98,189.02,39555
06/18/2018,1057,189.02,189.04,188.93,188.94,36854
06/18/2018,1058,188.95,188.98,188.87,188.93,59679
06/18/2018,1059,188.93,188.97,188.91,188.91,24127
06/18/2018,1100,188.9,189.05,188.88,189.04,32939
06/18/2018,1101,189.06,189.16,189.03,189.16,20551
06/18/2018,1102,189.16,189.22,189.1,189.1,41486
06/18/2018,1103,189.1,189.1,189.04,189.06,21927
06/18/2018,1104,189.06,189.08,189.04,189.07,16032
06/18/2018,1105,189.07,189.11,189.06,189.07,29037
06/18/2018,1106,189.07,189.08,189.02,189.03,39514
06/18/2018,1107,189.04,189.08,188.96,188.98,29004
06/18/2018,1108,188.97,188.97,188.87,188.91,28564
06/18/2018,1109,188.9,189.08,188.89,189.03,39413
06/18/2018,1110,189.02,189.18,189.02,189.14,31384
06/18/2018,1111,189.13,189.17,189.05,189.12,29984
06/18/2018,1112,189.13,189.14,189.08,189.11,19610
06/18/2018,1113,189.1,189.11,189.06,189.06,15819
06/18/2018,1114,189.06,189.09,189.02,189.03,33721
06/18/2018,1115,189.03,189.13,188.98,189.11,36732
06/18/2018,1116,189.13,189.14,189.02,189.02,22261
06/18/2018,1117,189.02,189.04,188.97,189.03,28212
06/18/2018,1118,189.02,189.1,189.01,189.1,24618
06/18/2018,1119,189.1,189.14,188.99,188.99,34465
06/18/2018,1120,188.99,189.03,188.95,188.96,21550
06/18/2018,1121,188.96,188.98,188.93,188.96,17323
06/18/2018,1122,188.96,188.97,188.87,188.87,27431
06/18/2018,1123,188.88,188.89,188.83,188.86,14049
06/18/2018,1124,188.85,188.86,188.82,188.83,24045
06/18/2018,1125,188.82,188.87,188.78,188.85,44843
06/18/2018,1126,188.86,188.88,188.78,188.78,17663
06/18/2018,1127,188.79,188.86,188.77,188.85,18849
06/18/2018,1128,188.85,188.98,188.85,188.94,40763
06/18/2018,1129,188.94,188.94,188.86,188.93,21762
06/18/2018,1130,188.93,188.98,188.93,188.97,22058
06/18/2018,1131,188.97,188.99,188.94,188.96,24086
06/18/2018,1132,188.95,188.95,188.86,188.91,32614
06/18/2018,1133,188.92,188.94,188.87,188.94,13664
06/18/2018,1134,188.93,189,188.82,188.83,37192
06/18/2018,1135,188.82,188.85,188.73,188.79,57252
06/18/2018,1136,188.81,188.87,188.78,188.83,29799
06/18/2018,1137,188.83,188.84,188.76,188.76,19275
06/18/2018,1138,188.77,188.86,188.76,188.86,22130
06/18/2018,1139,188.86,188.97,188.85,188.96,30411
06/18/2018,1140,188.95,188.99,188.95,188.97,27467
06/18/2018,1141,188.97,189.03,188.95,188.96,33084
06/18/2018,1142,188.95,188.97,188.91,188.94,20452
06/18/2018,1143,188.93,188.99,188.89,188.99,16339
06/18/2018,1144,188.98,189.04,188.97,189.02,18476
06/18/2018,1145,189.02,189.03,188.96,189.01,11093
06/18/2018,1146,189.02,189.15,189.02,189.12,37449
06/18/2018,1147,189.12,189.16,189.08,189.12,23852
06/18/2018,1148,189.1,189.11,189.08,189.08,16503
06/18/2018,1149,189.09,189.1,189.03,189.06,22321
06/18/2018,1150,189.07,189.09,189.06,189.09,17426
06/18/2018,1151,189.09,189.12,189.04,189.04,18209
06/18/2018,1152,189.04,189.05,189.01,189.05,10403
06/18/2018,1153,189.05,189.06,188.97,189.02,20953
06/18/2018,1154,189.02,189.02,188.98,188.98,15040
06/18/2018,1155,188.99,189.01,188.95,188.97,26802
06/18/2018,1156,188.98,189,188.85,188.86,27378
06/18/2018,1157,188.87,188.9,188.84,188.85,15521
06/18/2018,1158,188.85,188.86,188.83,188.86,15508
06/18/2018,1159,188.86,188.95,188.85,188.92,16798
06/18/2018,1200,188.91,188.95,188.9,188.94,12785
06/18/2018,1201,188.95,188.96,188.9,188.93,10221
06/18/2018,1202,188.93,188.94,188.9,188.93,13496
06/18/2018,1203,188.94,188.96,188.91,188.96,14152
06/18/2018,1204,188.96,188.96,188.93,188.94,8105
06/18/2018,1205,188.95,189.02,188.95,188.98,34794
06/18/2018,1206,188.98,189.01,188.97,189.01,8319
06/18/2018,1207,189,189.1,189,189.1,26197
06/18/2018,1208,189.1,189.12,189.07,189.09,48840
06/18/2018,1209,189.08,189.12,189.05,189.07,17276
06/18/2018,1210,189.07,189.07,188.98,188.99,15844
06/18/2018,1211,188.99,189.02,188.98,189.01,8079
06/18/2018,1212,189.01,189.08,189,189.06,13065
06/18/2018,1213,189.07,189.13,189.07,189.1,17827
06/18/2018,1214,189.1,189.13,189.09,189.09,11749
06/18/2018,1215,189.09,189.12,189.07,189.09,15192
06/18/2018,1216,189.1,189.11,189.04,189.04,10454
06/18/2018,1217,189.04,189.08,189.04,189.05,15896
06/18/2018,1218,189.05,189.05,188.9,188.94,32910
06/18/2018,1219,188.94,188.95,188.86,188.91,43904
06/18/2018,1220,188.91,188.99,188.88,188.9,36065
06/18/2018,1221,188.91,188.91,188.82,188.85,13308
06/18/2018,1222,188.85,188.91,188.84,188.91,19266
06/18/2018,1223,188.91,188.92,188.88,188.91,13417
06/18/2018,1224,188.91,188.91,188.86,188.88,9473
06/18/2018,1225,188.88,188.88,188.79,188.83,19035
06/18/2018,1226,188.82,188.84,188.8,188.83,13082
06/18/2018,1227,188.82,188.86,188.81,188.85,11836
06/18/2018,1228,188.85,188.85,188.8,188.82,22703
06/18/2018,1229,188.82,188.85,188.78,188.83,21972
06/18/2018,1230,188.83,188.83,188.77,188.78,28352
06/18/2018,1231,188.79,188.81,188.75,188.8,16789
06/18/2018,1232,188.81,188.87,188.81,188.84,20492
06/18/2018,1233,188.86,188.86,188.78,188.82,17700
06/18/2018,1234,188.82,188.87,188.81,188.83,24590
06/18/2018,1235,188.83,188.83,188.77,188.8,21543
06/18/2018,1236,188.81,188.83,188.75,188.75,18518
06/18/2018,1237,188.75,188.76,188.68,188.69,27791
06/18/2018,1238,188.69,188.75,188.65,188.72,30992
06/18/2018,1239,188.71,188.75,188.69,188.7,17841
06/18/2018,1240,188.71,188.82,188.71,188.8,21796
06/18/2018,1241,188.81,188.85,188.8,188.82,18453
06/18/2018,1242,188.83,188.89,188.82,188.88,14080
06/18/2018,1243,188.88,188.91,188.86,188.86,28110
06/18/2018,1244,188.87,188.87,188.81,188.82,11817
06/18/2018,1245,188.83,188.83,188.8,188.82,6809
06/18/2018,1246,188.81,188.83,188.8,188.81,11299
06/18/2018,1247,188.8,188.87,188.8,188.86,26145
06/18/2018,1248,188.86,188.89,188.82,188.86,22380
06/18/2018,1249,188.85,188.85,188.81,188.83,11230
06/18/2018,1250,188.83,188.84,188.78,188.83,34036
06/18/2018,1251,188.82,188.85,188.79,188.79,11065
06/18/2018,1252,188.8,188.81,188.76,188.81,20089
06/18/2018,1253,188.81,188.82,188.72,188.72,14942
06/18/2018,1254,188.72,188.74,188.68,188.7,35258
06/18/2018,1255,188.71,188.72,188.67,188.71,13977
06/18/2018,1256,188.7,188.7,188.66,188.66,10990
06/18/2018,1257,188.66,188.68,188.63,188.66,19256
06/18/2018,1258,188.66,188.71,188.66,188.71,32220
06/18/2018,1259,188.7,188.8,188.68,188.79,20211
06/18/2018,1300,188.79,188.85,188.79,188.83,25848
06/18/2018,1301,188.83,188.85,188.8,188.84,17587
06/18/2018,1302,188.84,188.84,188.8,188.81,13388
06/18/2018,1303,188.81,188.82,188.79,188.82,9420
06/18/2018,1304,188.82,188.83,188.8,188.82,12179
06/18/2018,1305,188.82,188.84,188.81,188.81,23841
06/18/2018,1306,188.81,188.82,188.74,188.76,18452
06/18/2018,1307,188.76,188.83,188.75,188.83,19961
06/18/2018,1308,188.84,188.84,188.82,188.84,6946
06/18/2018,1309,188.83,188.89,188.81,188.88,28753
06/18/2018,1310,188.89,189.03,188.89,188.99,53424
06/18/2018,1311,189,189.04,188.99,189,26405
06/18/2018,1312,189,189.03,189,189.02,14903
06/18/2018,1313,189.01,189.01,188.96,188.99,21413
06/18/2018,1314,188.99,189.02,188.98,189.02,17888
06/18/2018,1315,189.02,189.03,189,189,21786
06/18/2018,1316,188.99,188.99,188.95,188.95,10301
06/18/2018,1317,188.96,189,188.95,188.97,11927
06/18/2018,1318,188.98,188.99,188.96,188.97,11561
06/18/2018,1319,188.97,188.97,188.92,188.94,11287
06/18/2018,1320,188.95,188.95,188.92,188.92,5990
06/18/2018,1321,188.93,188.95,188.9,188.9,15485
06/18/2018,1322,188.91,188.98,188.9,188.98,22944
06/18/2018,1323,188.99,189.05,188.99,189.04,31608
06/18/2018,1324,189.04,189.09,188.99,189.01,48692
06/18/2018,1325,189.01,189.05,189.01,189.05,13372
06/18/2018,1326,189.05,189.1,189.05,189.05,30435
06/18/2018,1327,189.05,189.06,189.03,189.04,12234
06/18/2018,1328,189.04,189.07,189.04,189.06,14514
06/18/2018,1329,189.04,189.07,189.02,189.07,20694
06/18/2018,1330,189.06,189.14,189.05,189.06,25751
06/18/2018,1331,189.06,189.06,189.03,189.06,14811
06/18/2018,1332,189.05,189.12,189.05,189.12,17396
06/18/2018,1333,189.12,189.14,189.08,189.1,30309
06/18/2018,1334,189.1,189.22,189.09,189.16,61565
06/18/2018,1335,189.16,189.2,189.15,189.19,16488
06/18/2018,1336,189.19,189.19,189.11,189.12,12372
06/18/2018,1337,189.13,189.19,189.12,189.17,19899
06/18/2018,1338,189.17,189.18,189.14,189.14,10147
06/18/2018,1339,189.14,189.14,189.1,189.12,16734
06/18/2018,1340,189.13,189.14,189.06,189.07,17539
06/18/2018,1341,189.06,189.09,189.06,189.09,16832
06/18/2018,1342,189.08,189.09,189.06,189.07,6747
06/18/2018,1343,189.06,189.12,189.05,189.12,17868
06/18/2018,1344,189.13,189.15,189.11,189.15,9160
06/18/2018,1345,189.15,189.16,189.04,189.05,31259
06/18/2018,1346,189.06,189.06,189,189.03,18008
06/18/2018,1347,189.02,189.13,189.02,189.13,10704
06/18/2018,1348,189.13,189.17,189.12,189.17,16152
06/18/2018,1349,189.16,189.16,189.08,189.1,15068
06/18/2018,1350,189.09,189.1,189.07,189.1,9868
06/18/2018,1351,189.1,189.1,189.05,189.08,12143
06/18/2018,1352,189.08,189.15,189.08,189.13,12511
06/18/2018,1353,189.13,189.13,189.01,189.07,22985
06/18/2018,1354,189.07,189.11,189.06,189.09,8362
06/18/2018,1355,189.09,189.1,189.03,189.03,12326
06/18/2018,1356,189.05,189.06,189,189,16166
06/18/2018,1357,189.01,189.05,189,189.05,16328
06/18/2018,1358,189.05,189.07,189.04,189.04,13926
06/18/2018,1359,189.04,189.11,189.04,189.06,11979
06/18/2018,1400,189.06,189.12,189.02,189.11,10468
06/18/2018,1401,189.11,189.14,189.08,189.09,10895
06/18/2018,1402,189.07,189.1,189.01,189.07,15471
06/18/2018,1403,189.07,189.09,189.05,189.06,14168
06/18/2018,1404,189.06,189.06,188.95,188.99,42477
06/18/2018,1405,188.97,189.03,188.92,189.01,14242
06/18/2018,1406,189.01,189.05,188.96,189.03,41522
06/18/2018,1407,189.04,189.14,189.03,189.14,17438
06/18/2018,1408,189.14,189.18,189.13,189.16,37808
06/18/2018,1409,189.16,189.19,189.14,189.18,36447
06/18/2018,1410,189.18,189.21,189.16,189.19,18378
06/18/2018,1411,189.19,189.21,189.15,189.16,18992
06/18/2018,1412,189.16,189.18,189.09,189.09,24833
06/18/2018,1413,189.11,189.13,189.07,189.1,26641
06/18/2018,1414,189.11,189.12,189.05,189.07,18585
06/18/2018,1415,189.08,189.17,189.08,189.14,21008
06/18/2018,1416,189.13,189.13,189.07,189.09,13129
06/18/2018,1417,189.1,189.11,189.06,189.1,18490
06/18/2018,1418,189.1,189.17,189.07,189.12,24518
06/18/2018,1419,189.14,189.16,189.12,189.15,14347
06/18/2018,1420,189.14,189.14,189.07,189.07,19324
06/18/2018,1421,189.07,189.11,189.04,189.09,24025
06/18/2018,1422,189.08,189.12,189.02,189.07,21896
06/18/2018,1423,189.08,189.11,189.07,189.09,10472
06/18/2018,1424,189.08,189.1,189.02,189.05,20588
06/18/2018,1425,189.06,189.11,189.04,189.07,14794
06/18/2018,1426,189.07,189.11,189.05,189.08,17698
06/18/2018,1427,189.1,189.16,189.08,189.14,18699
06/18/2018,1428,189.14,189.14,189.04,189.1,19230
06/18/2018,1429,189.09,189.09,189.01,189.07,35422
06/18/2018,1430,189.08,189.1,189.02,189.04,25701
06/18/2018,1431,189.06,189.1,189.05,189.05,6565
06/18/2018,1432,189.05,189.11,189.04,189.08,11056
06/18/2018,1433,189.08,189.11,189.05,189.06,11906
06/18/2018,1434,189.07,189.09,189.03,189.05,9407
06/18/2018,1435,189.06,189.11,189.05,189.11,13251
06/18/2018,1436,189.11,189.12,189.09,189.09,19168
06/18/2018,1437,189.09,189.14,189.08,189.1,11896
06/18/2018,1438,189.09,189.1,189.04,189.05,23088
06/18/2018,1439,189.04,189.07,189.02,189.04,7427
06/18/2018,1440,189.05,189.15,189.04,189.13,30919
06/18/2018,1441,189.14,189.17,189.12,189.16,32909
06/18/2018,1442,189.15,189.15,189.11,189.14,11296
06/18/2018,1443,189.14,189.14,189.1,189.11,20771
06/18/2018,1444,189.11,189.14,189.1,189.1,15708
06/18/2018,1445,189.1,189.13,189.02,189.03,26313
06/18/2018,1446,189.02,189.04,189,189,22046
06/18/2018,1447,189,189.02,188.96,189.01,28158
06/18/2018,1448,189,189.03,189,189.01,11406
06/18/2018,1449,189.02,189.02,188.94,188.95,14626
06/18/2018,1450,188.94,188.97,188.91,188.93,19538
06/18/2018,1451,188.91,188.97,188.91,188.95,16460
06/18/2018,1452,188.95,188.98,188.91,188.91,9894
06/18/2018,1453,188.93,188.94,188.86,188.9,19642
06/18/2018,1454,188.9,188.9,188.86,188.86,13096
06/18/2018,1455,188.88,188.89,188.83,188.86,23813
06/18/2018,1456,188.88,188.91,188.85,188.85,10700
06/18/2018,1457,188.85,188.93,188.84,188.92,12465
06/18/2018,1458,188.93,188.96,188.92,188.96,17331
06/18/2018,1459,188.97,189.02,188.95,188.97,16894
06/18/2018,1500,188.97,188.97,188.91,188.93,16124
06/18/2018,1501,188.92,188.95,188.91,188.92,9175
06/18/2018,1502,188.93,188.97,188.92,188.97,7691
06/18/2018,1503,188.97,189,188.95,189,18416
06/18/2018,1504,189,189.01,188.94,188.99,15545
06/18/2018,1505,188.99,189,188.97,188.99,11903
06/18/2018,1506,188.98,189,188.95,188.99,20269
06/18/2018,1507,188.99,189,188.96,188.99,7727
06/18/2018,1508,189,189.05,188.99,189.05,21056
06/18/2018,1509,189.05,189.06,189.02,189.03,14347
06/18/2018,1510,189.04,189.07,189.02,189.02,18070
06/18/2018,1511,189.03,189.05,189,189.01,14396
06/18/2018,1512,189.02,189.07,189.01,189.04,29456
06/18/2018,1513,189.04,189.1,189.02,189.04,62892
06/18/2018,1514,189.04,189.04,189,189.02,14096
06/18/2018,1515,189.02,189.02,188.99,189,19019
06/18/2018,1516,188.99,189,188.94,188.95,37936
06/18/2018,1517,188.96,188.96,188.87,188.87,23584
06/18/2018,1518,188.87,188.88,188.86,188.86,30578
06/18/2018,1519,188.86,188.87,188.84,188.84,19704
06/18/2018,1520,188.84,188.97,188.84,188.96,35674
06/18/2018,1521,188.97,188.99,188.93,188.98,16405
06/18/2018,1522,189,189.01,188.95,188.97,18785
06/18/2018,1523,188.96,188.99,188.93,188.98,16774
06/18/2018,1524,188.98,189.02,188.97,188.99,21747
06/18/2018,1525,189,189.06,188.99,189,43506
06/18/2018,1526,189,189.01,188.93,188.93,11505
06/18/2018,1527,188.92,188.93,188.87,188.89,33680
06/18/2018,1528,188.9,188.92,188.87,188.91,14693
06/18/2018,1529,188.91,188.92,188.86,188.87,31474
06/18/2018,1530,188.87,188.95,188.86,188.93,37066
06/18/2018,1531,188.92,188.93,188.86,188.86,26073
06/18/2018,1532,188.86,188.89,188.85,188.87,26298
06/18/2018,1533,188.87,188.96,188.87,188.95,25459
06/18/2018,1534,188.95,188.99,188.93,188.97,39078
06/18/2018,1535,188.97,188.97,188.92,188.92,13952
06/18/2018,1536,188.92,188.92,188.84,188.84,25589
06/18/2018,1537,188.85,188.93,188.83,188.9,43928
06/18/2018,1538,188.9,188.92,188.83,188.83,35783
06/18/2018,1539,188.84,188.86,188.82,188.84,28346
06/18/2018,1540,188.84,188.85,188.77,188.78,65584
06/18/2018,1541,188.79,188.81,188.71,188.74,41121
06/18/2018,1542,188.74,188.8,188.71,188.8,50813
06/18/2018,1543,188.8,188.84,188.76,188.77,26323
06/18/2018,1544,188.77,188.8,188.74,188.76,35498
06/18/2018,1545,188.75,188.84,188.74,188.83,41427
06/18/2018,1546,188.83,188.89,188.8,188.87,72672
06/18/2018,1547,188.87,188.97,188.86,188.94,62147
06/18/2018,1548,188.94,188.97,188.91,188.94,50052
06/18/2018,1549,188.95,188.99,188.93,188.99,14652
06/18/2018,1550,188.98,188.98,188.7,188.82,184334
06/18/2018,1551,188.81,188.84,188.76,188.83,32361
06/18/2018,1552,188.83,188.9,188.82,188.89,59457
06/18/2018,1553,188.89,188.93,188.83,188.84,49071
06/18/2018,1554,188.84,188.89,188.83,188.86,28516
06/18/2018,1555,188.87,188.99,188.86,188.9,109843
06/18/2018,1556,188.9,188.92,188.84,188.89,64211
06/18/2018,1557,188.9,188.92,188.87,188.88,47530
06/18/2018,1558,188.88,188.91,188.85,188.85,94677
06/18/2018,1559,188.85,188.9,188.67,188.76,424926
06/19/2018,0930,185.26,185.95,185.02,185.85,1076632
06/19/2018,0931,185.82,185.95,185.6,185.62,213765
06/19/2018,0932,185.61,185.89,185.51,185.89,187317
06/19/2018,0933,185.89,186.09,185.88,185.97,250889
06/19/2018,0934,185.97,186.33,185.9,186.26,232991
06/19/2018,0935,186.25,186.25,185.77,185.77,245973
06/19/2018,0936,185.77,186.02,185.45,185.52,247783
06/19/2018,0937,185.51,185.99,185.49,185.99,136075
06/19/2018,0938,185.99,186.06,185.9,185.97,105703
06/19/2018,0939,185.97,186.19,185.95,186.18,167579
06/19/2018,0940,186.18,186.2,185.97,186.02,148209
06/19/2018,0941,186.02,186.02,185.84,185.86,97563
06/19/2018,0942,185.86,185.88,185.74,185.78,119176
06/19/2018,0943,185.78,185.83,185.6,185.82,168635
06/19/2018,0944,185.82,185.82,185.63,185.74,76640
06/19/2018,0945,185.73,185.75,185.55,185.61,108424
06/19/2018,0946,185.61,185.75,185.57,185.7,134877
06/19/2018,0947,185.71,185.94,185.7,185.85,154476
06/19/2018,0948,185.84,185.85,185.66,185.75,100119
06/19/2018,0949,185.72,185.73,185.57,185.66,119600
06/19/2018,0950,185.66,185.71,185.48,185.5,133901
06/19/2018,0951,185.5,185.64,185.43,185.45,127918
06/19/2018,0952,185.45,185.45,185.21,185.27,180136
06/19/2018,0953,185.26,185.34,185.23,185.24,119717
06/19/2018,0954,185.22,185.28,185.15,185.16,165312
06/19/2018,0955,185.16,185.28,185.07,185.26,157298
06/19/2018,0956,185.26,185.47,185.25,185.47,123008
06/19/2018,0957,185.47,185.5,185.28,185.28,112020
06/19/2018,0958,185.27,185.28,185.1,185.18,123760
06/19/2018,0959,185.17,185.29,185.12,185.19,101498
06/19/2018,1000,185.19,185.19,184.76,184.96,558183
06/19/2018,1001,184.97,184.98,184.82,184.95,123150
06/19/2018,1002,184.96,185.17,184.96,185.02,132259
06/19/2018,1003,185.02,185.13,185,185.02,119973
06/19/2018,1004,185.03,185.1,184.87,185.02,142383
06/19/2018,1005,185,185.09,184.95,185.01,91265
06/19/2018,1006,185.01,185.13,184.99,185.08,76446
06/19/2018,1007,185.09,185.09,184.92,184.93,131782
06/19/2018,1008,184.94,184.94,184.74,184.81,164153
06/19/2018,1009,184.81,184.91,184.71,184.8,122504
06/19/2018,1010,184.81,184.81,184.64,184.78,108587
06/19/2018,1011,184.78,185.07,184.77,185.06,106563
06/19/2018,1012,185.06,185.06,184.87,184.89,110063
06/19/2018,1013,184.89,185.07,184.88,184.94,106012
06/19/2018,1014,184.93,185,184.79,184.96,124712
06/19/2018,1015,184.96,185,184.63,184.66,173490
06/19/2018,1016,184.64,184.66,184.37,184.39,283638
06/19/2018,1017,184.4,184.59,184.39,184.53,157523
06/19/2018,1018,184.52,184.66,184.44,184.6,100551
06/19/2018,1019,184.61,184.69,184.51,184.53,80488
06/19/2018,1020,184.53,184.54,184.31,184.39,111635
06/19/2018,1021,184.4,184.45,184.27,184.31,107399
06/19/2018,1022,184.32,184.57,184.3,184.41,96178
06/19/2018,1023,184.41,184.44,184.29,184.31,147004
06/19/2018,1024,184.32,184.41,184.14,184.15,137044
06/19/2018,1025,184.14,184.32,184.1,184.28,102133
06/19/2018,1026,184.28,184.29,184.15,184.2,68703
06/19/2018,1027,184.21,184.35,184.1,184.11,75614
06/19/2018,1028,184.1,184.11,183.86,183.97,233527
06/19/2018,1029,183.97,184.07,183.84,183.87,119167
06/19/2018,1030,183.86,183.86,183.69,183.73,211318
06/19/2018,1031,183.71,183.85,183.65,183.82,149280
06/19/2018,1032,183.82,183.94,183.76,183.85,77762
06/19/2018,1033,183.84,183.86,183.72,183.75,107244
06/19/2018,1034,183.76,183.81,183.68,183.71,82474
06/19/2018,1035,183.72,183.78,183.65,183.71,67269
06/19/2018,1036,183.71,183.74,183.53,183.56,169719
06/19/2018,1037,183.55,183.67,183.55,183.62,72689
06/19/2018,1038,183.61,183.63,183.54,183.63,73000
06/19/2018,1039,183.61,183.74,183.61,183.66,92865
06/19/2018,1040,183.67,183.69,183.45,183.58,147264
06/19/2018,1041,183.59,183.9,183.58,183.89,135477
06/19/2018,1042,183.89,184.08,183.87,184,143295
06/19/2018,1043,183.99,184.07,183.95,183.96,107666
06/19/2018,1044,183.96,184.15,183.96,184.15,86283
06/19/2018,1045,184.15,184.39,184.15,184.32,101941
06/19/2018,1046,184.33,184.51,184.33,184.47,184195
06/19/2018,1047,184.49,184.6,184.49,184.57,118764
06/19/2018,1048,184.58,184.87,184.55,184.81,140073
06/19/2018,1049,184.81,184.82,184.66,184.69,86342
06/19/2018,1050,184.7,184.83,184.66,184.82,59728
06/19/2018,1051,184.82,184.85,184.73,184.73,86810
06/19/2018,1052,184.73,184.85,184.72,184.78,84886
06/19/2018,1053,184.78,184.98,184.74,184.92,90836
06/19/2018,1054,184.93,185.04,184.83,184.87,113343
06/19/2018,1055,184.88,184.92,184.81,184.88,44807
06/19/2018,1056,184.88,185.04,184.88,185,87701
06/19/2018,1057,185,185.01,184.91,184.92,42647
06/19/2018,1058,184.92,184.95,184.87,184.88,35124
06/19/2018,1059,184.88,184.88,184.8,184.82,77799
06/19/2018,1100,184.82,184.83,184.74,184.82,95602
06/19/2018,1101,184.82,184.95,184.79,184.94,62067
06/19/2018,1102,184.94,185.02,184.83,184.83,71235
06/19/2018,1103,184.84,184.87,184.73,184.78,64728
06/19/2018,1104,184.79,184.84,184.72,184.76,43590
06/19/2018,1105,184.76,184.85,184.76,184.82,23228
06/19/2018,1106,184.81,184.97,184.81,184.92,35726
06/19/2018,1107,184.91,184.91,184.81,184.83,30858
06/19/2018,1108,184.84,184.96,184.84,184.87,34087
06/19/2018,1109,184.88,184.98,184.81,184.94,54773
06/19/2018,1110,184.95,185.09,184.95,184.96,97326
06/19/2018,1111,184.97,184.99,184.87,184.96,61252
06/19/2018,1112,184.97,185,184.91,184.95,35702
06/19/2018,1113,184.94,184.96,184.76,184.76,67680
06/19/2018,1114,184.78,184.8,184.68,184.73,69713
06/19/2018,1115,184.72,184.84,184.68,184.81,38341
06/19/2018,1116,184.81,184.81,184.6,184.61,62521
06/19/2018,1117,184.62,184.63,184.49,184.63,105022
06/19/2018,1118,184.65,184.93,184.61,184.83,96393
06/19/2018,1119,184.82,184.98,184.82,184.94,75624
06/19/2018,1120,184.94,185.06,184.93,185.01,68613
06/19/2018,1121,185.01,185.08,184.98,185.01,89769
06/19/2018,1122,185.02,185.06,184.94,185.04,64619
06/19/2018,1123,185.04,185.05,185.02,185.02,76217
06/19/2018,1124,185.02,185.05,184.95,185.03,53055
06/19/2018,1125,185.03,185.06,184.88,184.88,73077
06/19/2018,1126,184.9,184.9,184.77,184.78,43711
06/19/2018,1127,184.79,184.87,184.79,184.85,31566
06/19/2018,1128,184.86,184.89,184.8,184.83,23576
06/19/2018,1129,184.84,184.9,184.8,184.85,27669
06/19/2018,1130,184.85,184.97,184.85,184.9,43294
06/19/2018,1131,184.88,184.98,184.79,184.9,103515
06/19/2018,1132,184.91,184.96,184.81,184.84,49211
06/19/2018,1133,184.84,184.85,184.68,184.7,53134
06/19/2018,1134,184.7,184.7,184.61,184.62,75825
06/19/2018,1135,184.63,184.65,184.61,184.63,48418
06/19/2018,1136,184.62,184.77,184.62,184.72,46727
06/19/2018,1137,184.71,184.85,184.71,184.78,59427
06/19/2018,1138,184.78,184.78,184.73,184.74,33599
06/19/2018,1139,184.74,184.74,184.66,184.71,42630
06/19/2018,1140,184.71,184.76,184.64,184.75,72150
06/19/2018,1141,184.75,184.9,184.75,184.85,49676
06/19/2018,1142,184.85,184.89,184.78,184.84,54102
06/19/2018,1143,184.84,184.84,184.71,184.8,30406
06/19/2018,1144,184.81,184.92,184.77,184.92,40969
06/19/2018,1145,184.92,184.94,184.85,184.9,47584
06/19/2018,1146,184.9,184.99,184.89,184.95,53128
06/19/2018,1147,184.94,184.99,184.94,184.98,35635
06/19/2018,1148,184.98,185.01,184.96,184.99,117655
06/19/2018,1149,184.99,185.02,184.94,184.98,104210
06/19/2018,1150,184.98,185.01,184.98,184.98,66634
06/19/2018,1151,184.98,185.12,184.98,185.1,106139
06/19/2018,1152,185.1,185.19,185.1,185.13,71920
06/19/2018,1153,185.13,185.2,185.12,185.19,28530
06/19/2018,1154,185.19,185.21,185.12,185.13,40093
06/19/2018,1155,185.13,185.26,185.09,185.2,77182
06/19/2018,1156,185.21,185.24,185.17,185.24,32727
06/19/2018,1157,185.24,185.28,185.19,185.2,27893
06/19/2018,1158,185.2,185.23,185.09,185.11,55933
06/19/2018,1159,185.11,185.16,185.08,185.13,21208
06/19/2018,1200,185.13,185.26,185.13,185.21,53781
06/19/2018,1201,185.2,185.26,185.05,185.1,61801
06/19/2018,1202,185.11,185.19,185.08,185.16,24119
06/19/2018,1203,185.16,185.22,185.13,185.21,21574
06/19/2018,1204,185.21,185.22,185.12,185.13,19634
06/19/2018,1205,185.12,185.14,185.07,185.09,34426
06/19/2018,1206,185.09,185.11,185.05,185.08,45504
06/19/2018,1207,185.08,185.16,185.08,185.14,29713
06/19/2018,1208,185.15,185.17,185.1,185.14,36638
06/19/2018,1209,185.14,185.18,185.13,185.18,17722
06/19/2018,1210,185.17,185.2,185.1,185.12,42340
06/19/2018,1211,185.12,185.12,185.05,185.1,33256
06/19/2018,1212,185.1,185.1,185.03,185.05,20311
06/19/2018,1213,185.06,185.06,184.97,184.97,45647
06/19/2018,1214,184.98,184.98,184.86,184.98,62961
06/19/2018,1215,184.97,184.97,184.88,184.96,19372
06/19/2018,1216,184.96,184.98,184.93,184.98,22860
06/19/2018,1217,184.97,185.08,184.97,185,37426
06/19/2018,1218,185.01,185.03,184.95,184.98,23023
06/19/2018,1219,184.96,185,184.91,184.94,19543
06/19/2018,1220,184.93,184.97,184.8,184.85,37918
06/19/2018,1221,184.86,184.96,184.86,184.95,35425
06/19/2018,1222,184.96,184.99,184.9,184.99,22511
06/19/2018,1223,184.98,185.03,184.96,185.02,34476
06/19/2018,1224,185.02,185.14,184.98,185.13,33837
06/19/2018,1225,185.13,185.16,185.12,185.14,33636
06/19/2018,1226,185.14,185.16,185.1,185.15,32230
06/19/2018,1227,185.16,185.17,185.07,185.14,25002
06/19/2018,1228,185.14,185.17,185.13,185.13,21840
06/19/2018,1229,185.13,185.13,185.08,185.12,15799
06/19/2018,1230,185.14,185.22,185.13,185.18,21890
06/19/2018,1231,185.19,185.19,185.13,185.15,32774
06/19/2018,1232,185.15,185.15,185.08,185.14,24472
06/19/2018,1233,185.15,185.19,185.13,185.15,23522
06/19/2018,1234,185.15,185.24,185.15,185.24,24352
06/19/2018,1235,185.24,185.24,185.14,185.21,25874
06/19/2018,1236,185.21,185.28,185.18,185.27,54464
06/19/2018,1237,185.28,185.33,185.26,185.3,28834
06/19/2018,1238,185.3,185.31,185.25,185.3,27052
06/19/2018,1239,185.3,185.33,185.29,185.29,17433
06/19/2018,1240,185.28,185.3,185.16,185.2,37267
06/19/2018,1241,185.19,185.21,185.1,185.12,24994
06/19/2018,1242,185.12,185.21,185.1,185.19,18696
06/19/2018,1243,185.2,185.21,185.12,185.14,27171
06/19/2018,1244,185.14,185.14,185.08,185.13,24633
06/19/2018,1245,185.13,185.13,185.04,185.08,23153
06/19/2018,1246,185.08,185.09,185.02,185.09,23119
06/19/2018,1247,185.09,185.17,185.07,185.1,22771
06/19/2018,1248,185.1,185.16,185.1,185.14,9904
06/19/2018,1249,185.15,185.17,185.11,185.12,12369
06/19/2018,1250,185.12,185.12,185.04,185.05,16077
06/19/2018,1251,185.06,185.11,185.06,185.11,11443
06/19/2018,1252,185.11,185.18,185.11,185.17,11818
06/19/2018,1253,185.17,185.18,184.98,185.03,71816
06/19/2018,1254,185.03,185.05,185,185.01,21716
06/19/2018,1255,185.01,185.03,184.99,185.01,12805
06/19/2018,1256,185.02,185.05,185,185.05,25410
06/19/2018,1257,185.04,185.1,185.04,185.09,23519
06/19/2018,1258,185.1,185.13,185.08,185.08,27469
06/19/2018,1259,185.08,185.18,185.05,185.17,30235
06/19/2018,1300,185.16,185.25,185.15,185.24,23724
06/19/2018,1301,185.24,185.25,185.2,185.23,22864
06/19/2018,1302,185.24,185.28,185.24,185.25,22936
06/19/2018,1303,185.25,185.27,185.23,185.23,18254
06/19/2018,1304,185.23,185.24,185.21,185.21,25568
06/19/2018,1305,185.21,185.21,185.1,185.11,24870
06/19/2018,1306,185.11,185.12,185.08,185.12,19142
06/19/2018,1307,185.12,185.16,185.11,185.14,9897
06/19/2018,1308,185.14,185.17,185.13,185.14,14111
06/19/2018,1309,185.13,185.17,185.13,185.16,16455
06/19/2018,1310,185.16,185.16,185.07,185.11,23070
06/19/2018,1311,185.11,185.17,185.1,185.17,9594
06/19/2018,1312,185.18,185.25,185.18,185.21,20067
06/19/2018,1313,185.22,185.22,185.19,185.21,14043
06/19/2018,1314,185.21,185.24,185.19,185.24,13415
06/19/2018,1315,185.24,185.27,185.19,185.19,27100
06/19/2018,1316,185.2,185.21,185.17,185.18,17810
06/19/2018,1317,185.18,185.23,185.17,185.21,16003
06/19/2018,1318,185.22,185.29,185.21,185.23,28818
06/19/2018,1319,185.25,185.26,185.23,185.23,9671
06/19/2018,1320,185.24,185.29,185.24,185.29,9237
06/19/2018,1321,185.29,185.3,185.27,185.27,34963
06/19/2018,1322,185.26,185.31,185.23,185.31,14298
06/19/2018,1323,185.31,185.39,185.29,185.39,45726
06/19/2018,1324,185.38,185.4,185.31,185.31,15691
06/19/2018,1325,185.32,185.35,185.29,185.3,22349
06/19/2018,1326,185.3,185.3,185.25,185.26,24969
06/19/2018,1327,185.26,185.3,185.25,185.26,18492
06/19/2018,1328,185.27,185.29,185.26,185.28,20176
06/19/2018,1329,185.28,185.28,185.25,185.28,15739
06/19/2018,1330,185.27,185.27,185.03,185.06,78682
06/19/2018,1331,185.06,185.12,185.06,185.11,20441
06/19/2018,1332,185.1,185.19,185.08,185.16,46206
06/19/2018,1333,185.15,185.18,185.1,185.17,17677
06/19/2018,1334,185.16,185.2,185.14,185.2,14698
06/19/2018,1335,185.19,185.21,185.18,185.21,11476
06/19/2018,1336,185.2,185.26,185.19,185.25,17737
06/19/2018,1337,185.26,185.31,185.26,185.29,21214
06/19/2018,1338,185.29,185.34,185.28,185.33,31426
06/19/2018,1339,185.34,185.42,185.34,185.41,28044
06/19/2018,1340,185.42,185.5,185.42,185.48,37465
06/19/2018,1341,185.49,185.53,185.47,185.49,46201
06/19/2018,1342,185.49,185.53,185.48,185.53,27051
06/19/2018,1343,185.52,185.62,185.52,185.59,43089
06/19/2018,1344,185.6,185.65,185.58,185.65,50056
06/19/2018,1345,185.66,185.73,185.65,185.66,37352
06/19/2018,1346,185.66,185.68,185.63,185.64,29125
06/19/2018,1347,185.64,185.64,185.53,185.54,47454
06/19/2018,1348,185.53,185.57,185.53,185.56,25707
06/19/2018,1349,185.56,185.72,185.56,185.69,39393
06/19/2018,1350,185.69,185.75,185.67,185.72,58301
06/19/2018,1351,185.72,185.75,185.69,185.72,28871
06/19/2018,1352,185.73,185.83,185.71,185.82,79430
06/19/2018,1353,185.83,185.91,185.78,185.87,40251
06/19/2018,1354,185.86,185.87,185.66,185.72,91274
06/19/2018,1355,185.72,185.77,185.65,185.68,33842
06/19/2018,1356,185.67,185.71,185.66,185.69,18419
06/19/2018,1357,185.68,185.74,185.64,185.66,31853
06/19/2018,1358,185.67,185.67,185.64,185.67,17308
06/19/2018,1359,185.67,185.72,185.67,185.68,25649
06/19/2018,1400,185.68,185.79,185.66,185.73,28023
06/19/2018,1401,185.73,185.76,185.67,185.76,17093
06/19/2018,1402,185.75,185.77,185.69,185.71,31756
06/19/2018,1403,185.72,185.76,185.67,185.67,28268
06/19/2018,1404,185.68,185.7,185.65,185.66,22045
06/19/2018,1405,185.65,185.67,185.62,185.64,34198
06/19/2018,1406,185.64,185.7,185.61,185.67,58307
06/19/2018,1407,185.69,185.8,185.69,185.75,46722
06/19/2018,1408,185.75,185.78,185.65,185.7,33272
06/19/2018,1409,185.71,185.73,185.6,185.61,48226
06/19/2018,1410,185.6,185.61,185.53,185.56,33992
06/19/2018,1411,185.55,185.56,185.5,185.54,33211
06/19/2018,1412,185.53,185.64,185.52,185.62,41506
06/19/2018,1413,185.61,185.67,185.6,185.66,23853
06/19/2018,1414,185.67,185.69,185.62,185.68,22691
06/19/2018,1415,185.69,185.72,185.54,185.56,64177
06/19/2018,1416,185.56,185.61,185.56,185.6,25056
06/19/2018,1417,185.59,185.64,185.59,185.63,17933
06/19/2018,1418,185.63,185.67,185.62,185.66,20304
06/19/2018,1419,185.66,185.71,185.65,185.66,25541
06/19/2018,1420,185.66,185.67,185.62,185.67,17301
06/19/2018,1421,185.66,185.69,185.62,185.67,15273
06/19/2018,1422,185.69,185.69,185.63,185.66,17237
06/19/2018,1423,185.66,185.69,185.66,185.66,14893
06/19/2018,1424,185.66,185.69,185.64,185.68,23287
06/19/2018,1425,185.69,185.73,185.68,185.73,36738
06/19/2018,1426,185.74,185.82,185.73,185.75,54748
06/19/2018,1427,185.74,185.74,185.6,185.62,50835
06/19/2018,1428,185.61,185.67,185.57,185.65,31283
06/19/2018,1429,185.66,185.69,185.65,185.67,12567
06/19/2018,1430,185.66,185.75,185.66,185.71,23487
06/19/2018,1431,185.7,185.74,185.7,185.7,20915
06/19/2018,1432,185.7,185.72,185.67,185.71,9908
06/19/2018,1433,185.71,185.71,185.61,185.61,25340
06/19/2018,1434,185.62,185.68,185.6,185.65,16514
06/19/2018,1435,185.65,185.71,185.65,185.69,21451
06/19/2018,1436,185.69,185.72,185.64,185.69,26747
06/19/2018,1437,185.7,185.71,185.61,185.65,32861
06/19/2018,1438,185.65,185.65,185.6,185.63,14386
06/19/2018,1439,185.62,185.64,185.6,185.63,10568
06/19/2018,1440,185.63,185.66,185.57,185.61,29968
06/19/2018,1441,185.61,185.79,185.6,185.78,49242
06/19/2018,1442,185.78,185.79,185.71,185.79,19175
06/19/2018,1443,185.79,185.8,185.74,185.79,19708
06/19/2018,1444,185.8,185.81,185.69,185.69,20322
06/19/2018,1445,185.7,185.75,185.68,185.69,25828
06/19/2018,1446,185.69,185.74,185.67,185.72,19227
06/19/2018,1447,185.72,185.78,185.72,185.73,44924
06/19/2018,1448,185.75,185.76,185.71,185.72,37703
06/19/2018,1449,185.72,185.75,185.68,185.7,22467
06/19/2018,1450,185.7,185.76,185.7,185.74,19294
06/19/2018,1451,185.73,185.8,185.71,185.79,54646
06/19/2018,1452,185.79,185.84,185.74,185.77,68820
06/19/2018,1453,185.78,185.79,185.64,185.69,58138
06/19/2018,1454,185.69,185.76,185.68,185.74,27588
06/19/2018,1455,185.74,185.79,185.73,185.74,37672
06/19/2018,1456,185.74,185.74,185.68,185.69,22817
06/19/2018,1457,185.69,185.7,185.65,185.7,24570
06/19/2018,1458,185.69,185.8,185.67,185.76,70157
06/19/2018,1459,185.74,185.76,185.69,185.71,33498
06/19/2018,1500,185.72,185.75,185.57,185.58,29839
06/19/2018,1501,185.57,185.63,185.57,185.57,26876
06/19/2018,1502,185.58,185.69,185.58,185.65,31190
06/19/2018,1503,185.64,185.69,185.64,185.67,21545
06/19/2018,1504,185.68,185.69,185.61,185.61,31685
06/19/2018,1505,185.62,185.63,185.59,185.59,19554
06/19/2018,1506,185.59,185.59,185.51,185.53,27428
06/19/2018,1507,185.53,185.57,185.47,185.57,54369
06/19/2018,1508,185.57,185.58,185.51,185.54,35966
06/19/2018,1509,185.55,185.55,185.5,185.54,17700
06/19/2018,1510,185.54,185.55,185.5,185.54,18865
06/19/2018,1511,185.55,185.59,185.53,185.54,18394
06/19/2018,1512,185.55,185.59,185.52,185.59,26563
06/19/2018,1513,185.59,185.6,185.57,185.58,22646
06/19/2018,1514,185.58,185.69,185.57,185.69,46946
06/19/2018,1515,185.69,185.74,185.59,185.61,43907
06/19/2018,1516,185.62,185.63,185.6,185.62,22180
06/19/2018,1517,185.61,185.61,185.49,185.49,27523
06/19/2018,1518,185.47,185.51,185.43,185.45,34132
06/19/2018,1519,185.45,185.45,185.29,185.4,86894
06/19/2018,1520,185.4,185.42,185.32,185.38,26813
06/19/2018,1521,185.38,185.38,185.29,185.3,30912
06/19/2018,1522,185.3,185.36,185.28,185.36,33272
06/19/2018,1523,185.36,185.41,185.35,185.41,42138
06/19/2018,1524,185.41,185.42,185.31,185.31,14599
06/19/2018,1525,185.31,185.41,185.3,185.41,24005
06/19/2018,1526,185.41,185.44,185.36,185.42,37645
06/19/2018,1527,185.42,185.43,185.35,185.37,40038
06/19/2018,1528,185.37,185.41,185.27,185.3,51977
06/19/2018,1529,185.3,185.37,185.3,185.31,43592
06/19/2018,1530,185.31,185.39,185.31,185.38,28045
06/19/2018,1531,185.39,185.47,185.39,185.47,29278
06/19/2018,1532,185.46,185.49,185.42,185.48,37834
06/19/2018,1533,185.47,185.48,185.42,185.44,27314
06/19/2018,1534,185.43,185.45,185.4,185.43,21648
06/19/2018,1535,185.43,185.44,185.39,185.44,27542
06/19/2018,1536,185.45,185.47,185.44,185.45,23685
06/19/2018,1537,185.45,185.46,185.39,185.42,30187
06/19/2018,1538,185.43,185.47,185.42,185.47,26996
06/19/2018,1539,185.48,185.57,185.47,185.53,42699
06/19/2018,1540,185.52,185.52,185.41,185.43,40887
06/19/2018,1541,185.43,185.45,185.37,185.45,36411
06/19/2018,1542,185.44,185.64,185.43,185.62,59842
06/19/2018,1543,185.61,185.65,185.59,185.6,34952
06/19/2018,1544,185.59,185.68,185.57,185.65,38055
06/19/2018,1545,185.64,185.64,185.44,185.55,98057
06/19/2018,1546,185.56,185.56,185.46,185.5,36542
06/19/2018,1547,185.51,185.53,185.49,185.52,31611
06/19/2018,1548,185.51,185.57,185.45,185.56,43226
06/19/2018,1549,185.57,185.6,185.53,185.54,52321
06/19/2018,1550,185.55,185.71,185.47,185.63,130047
06/19/2018,1551,185.64,185.64,185.54,185.54,76442
06/19/2018,1552,185.54,185.59,185.51,185.58,40866
06/19/2018,1553,185.58,185.63,185.54,185.63,54212
06/19/2018,1554,185.62,185.64,185.59,185.63,82176
06/19/2018,1555,185.63,185.73,185.62,185.65,136186
06/19/2018,1556,185.65,185.69,185.63,185.68,82916
06/19/2018,1557,185.69,185.8,185.68,185.79,166367
06/19/2018,1558,185.79,185.8,185.72,185.75,134423
06/19/2018,1559,185.74,185.85,185.67,185.77,336449
06/20/2018,0930,186.39,186.7,186.29,186.55,425064
06/20/2018,0931,186.53,186.7,186.32,186.33,118282
06/20/2018,0932,186.33,186.45,186.1,186.39,119223
06/20/2018,0933,186.38,186.51,186.26,186.44,103661
06/20/2018,0934,186.46,186.58,186.35,186.47,102744
06/20/2018,0935,186.46,186.53,186.35,186.41,70199
06/20/2018,0936,186.43,186.64,186.38,186.58,121814
06/20/2018,0937,186.56,186.7,186.47,186.63,109865
06/20/2018,0938,186.62,186.71,186.56,186.6,58570
06/20/2018,0939,186.59,186.9,186.54,186.77,123645
06/20/2018,0940,186.77,186.88,186.71,186.74,106427
06/20/2018,0941,186.74,186.82,186.66,186.74,59016
06/20/2018,0942,186.73,186.96,186.73,186.81,102999
06/20/2018,0943,186.8,186.87,186.72,186.84,89337
06/20/2018,0944,186.84,186.88,186.7,186.78,101387
06/20/2018,0945,186.78,186.95,186.75,186.89,107858
06/20/2018,0946,186.9,186.96,186.84,186.87,88658
06/20/2018,0947,186.86,186.97,186.79,186.89,67260
06/20/2018,0948,186.89,186.93,186.74,186.84,83693
06/20/2018,0949,186.84,186.84,186.67,186.73,59809
06/20/2018,0950,186.73,186.82,186.62,186.69,63005
06/20/2018,0951,186.68,186.77,186.65,186.66,39282
06/20/2018,0952,186.66,186.66,186.57,186.65,74856
06/20/2018,0953,186.65,186.67,186.47,186.53,87253
06/20/2018,0954,186.54,186.58,186.45,186.45,63894
06/20/2018,0955,186.47,186.75,186.46,186.58,83782
06/20/2018,0956,186.57,186.74,186.56,186.68,75151
06/20/2018,0957,186.68,186.74,186.62,186.65,56497
06/20/2018,0958,186.65,186.77,186.56,186.71,67461
06/20/2018,0959,186.71,186.75,186.61,186.74,42021
06/20/2018,1000,186.74,186.78,186.64,186.76,53557
06/20/2018,1001,186.76,186.8,186.72,186.77,53490
06/20/2018,1002,186.78,186.79,186.63,186.72,54932
06/20/2018,1003,186.73,186.79,186.72,186.76,42100
06/20/2018,1004,186.77,186.85,186.56,186.59,75070
06/20/2018,1005,186.59,186.76,186.59,186.65,47592
06/20/2018,1006,186.65,186.82,186.65,186.78,47043
06/20/2018,1007,186.79,186.87,186.76,186.8,39362
06/20/2018,1008,186.8,186.81,186.65,186.71,44548
06/20/2018,1009,186.71,186.75,186.6,186.68,61124
06/20/2018,1010,186.68,186.76,186.64,186.64,33938
06/20/2018,1011,186.64,186.74,186.63,186.71,49391
06/20/2018,1012,186.71,186.77,186.63,186.65,43610
06/20/2018,1013,186.66,186.75,186.62,186.62,52173
06/20/2018,1014,186.62,186.8,186.62,186.78,35630
06/20/2018,1015,186.76,186.81,186.69,186.71,31578
06/20/2018,1016,186.69,186.75,186.63,186.64,28114
06/20/2018,1017,186.64,186.69,186.6,186.63,49587
06/20/2018,1018,186.63,186.63,186.5,186.52,50783
06/20/2018,1019,186.52,186.54,186.43,186.44,55734
06/20/2018,1020,186.44,186.48,186.36,186.37,59006
06/20/2018,1021,186.37,186.41,186.31,186.34,45666
06/20/2018,1022,186.33,186.33,186.24,186.28,52698
06/20/2018,1023,186.3,186.36,186.28,186.28,44302
06/20/2018,1024,186.29,186.29,186.18,186.2,60481
06/20/2018,1025,186.2,186.28,186.17,186.26,45363
06/20/2018,1026,186.25,186.25,186.12,186.13,34809
06/20/2018,1027,186.14,186.14,186.08,186.1,52331
06/20/2018,1028,186.09,186.14,186.02,186.05,58391
06/20/2018,1029,186.04,186.12,185.97,186.06,73032
06/20/2018,1030,186.07,186.15,186.05,186.09,54332
06/20/2018,1031,186.08,186.08,185.93,185.96,57839
06/20/2018,1032,185.95,186.01,185.89,185.95,44664
06/20/2018,1033,185.95,186.06,185.92,186.05,43383
06/20/2018,1034,186.05,186.18,186.02,186.18,50718
06/20/2018,1035,186.17,186.17,186.1,186.12,36270
06/20/2018,1036,186.12,186.24,186.06,186.22,69818
06/20/2018,1037,186.22,186.31,186.21,186.25,55116
06/20/2018,1038,186.27,186.3,186.18,186.27,34050
06/20/2018,1039,186.27,186.27,186.19,186.27,13319
06/20/2018,1040,186.28,186.32,186.25,186.26,35675
06/20/2018,1041,186.27,186.29,186.08,186.09,31904
06/20/2018,1042,186.08,186.1,185.98,185.99,40602
06/20/2018,1043,185.99,186.05,185.98,186.02,20711
06/20/2018,1044,186.03,186.1,185.98,185.99,40832
06/20/2018,1045,185.97,186.14,185.97,186.02,32293
06/20/2018,1046,186.02,186.04,185.98,185.99,24140
06/20/2018,1047,185.98,186,185.91,185.95,32375
06/20/2018,1048,185.96,185.96,185.74,185.79,69120
06/20/2018,1049,185.79,185.88,185.73,185.78,55749
06/20/2018,1050,185.79,185.97,185.78,185.95,42803
06/20/2018,1051,185.95,186.06,185.93,185.99,51596
06/20/2018,1052,186.02,186.15,185.99,186.07,25445
06/20/2018,1053,186.08,186.1,185.97,186,26657
06/20/2018,1054,186.01,186.1,185.99,186.1,25279
06/20/2018,1055,186.1,186.18,186.05,186.07,33372
06/20/2018,1056,186.07,186.08,186.04,186.05,31229
06/20/2018,1057,186.06,186.11,186.02,186.02,18660
06/20/2018,1058,186.02,186.32,186.01,186.3,76075
06/20/2018,1059,186.29,186.44,186.29,186.37,94449
06/20/2018,1100,186.38,186.39,186.26,186.31,32867
06/20/2018,1101,186.3,186.32,186.17,186.25,33358
06/20/2018,1102,186.24,186.3,186.2,186.28,22740
06/20/2018,1103,186.29,186.32,186.21,186.27,26984
06/20/2018,1104,186.27,186.38,186.26,186.37,30238
06/20/2018,1105,186.38,186.46,186.38,186.43,54005
06/20/2018,1106,186.44,186.51,186.32,186.35,74608
06/20/2018,1107,186.36,186.36,186.27,186.29,19774
06/20/2018,1108,186.31,186.38,186.3,186.35,20100
06/20/2018,1109,186.36,186.37,186.31,186.34,27188
06/20/2018,1110,186.35,186.37,186.3,186.37,15381
06/20/2018,1111,186.37,186.38,186.14,186.17,118508
06/20/2018,1112,186.18,186.2,186.02,186.06,40491
06/20/2018,1113,186.03,186.08,186,186.04,31771
06/20/2018,1114,186.06,186.08,186.03,186.05,21499
06/20/2018,1115,186.05,186.08,185.95,185.95,25370
06/20/2018,1116,185.95,186.11,185.95,186.11,18996
06/20/2018,1117,186.1,186.14,186.05,186.05,19272
06/20/2018,1118,186.04,186.08,185.98,186.06,18734
06/20/2018,1119,186.06,186.07,185.98,185.98,22099
06/20/2018,1120,185.98,186.06,185.98,186.03,10263
06/20/2018,1121,186.04,186.13,186.04,186.08,16699
06/20/2018,1122,186.09,186.11,186.06,186.1,27760
06/20/2018,1123,186.11,186.22,186.06,186.18,29446
06/20/2018,1124,186.17,186.3,186.16,186.22,33588
06/20/2018,1125,186.2,186.2,186.12,186.14,82490
06/20/2018,1126,186.13,186.22,186.12,186.21,23773
06/20/2018,1127,186.21,186.22,186.13,186.14,21557
06/20/2018,1128,186.13,186.16,186.12,186.16,10792
06/20/2018,1129,186.16,186.19,186.03,186.06,26138
06/20/2018,1130,186.06,186.12,186.05,186.1,19024
06/20/2018,1131,186.1,186.12,186.07,186.11,14335
06/20/2018,1132,186.1,186.13,186.03,186.05,22586
06/20/2018,1133,186.05,186.11,186,186.11,35391
06/20/2018,1134,186.12,186.16,186.01,186.02,26545
06/20/2018,1135,186.02,186.03,185.91,185.94,56896
06/20/2018,1136,185.93,185.99,185.88,185.99,32455
06/20/2018,1137,185.99,186.01,185.94,185.95,23152
06/20/2018,1138,185.95,185.96,185.89,185.95,16561
06/20/2018,1139,185.95,185.96,185.88,185.89,17904
06/20/2018,1140,185.89,185.9,185.82,185.86,22290
06/20/2018,1141,185.85,185.94,185.85,185.92,21829
06/20/2018,1142,185.93,186.02,185.93,185.97,29696
06/20/2018,1143,185.97,186.01,185.97,185.99,18083
06/20/2018,1144,185.98,185.98,185.89,185.95,15308
06/20/2018,1145,185.95,185.98,185.92,185.96,30523
06/20/2018,1146,185.96,185.97,185.88,185.88,20314
06/20/2018,1147,185.88,185.96,185.86,185.92,30276
06/20/2018,1148,185.91,185.97,185.87,185.96,11264
06/20/2018,1149,185.96,185.98,185.92,185.96,23182
06/20/2018,1150,185.95,185.98,185.93,185.94,14047
06/20/2018,1151,185.95,186,185.88,185.94,39768
06/20/2018,1152,185.93,185.93,185.86,185.9,33159
06/20/2018,1153,185.9,185.97,185.87,185.91,16757
06/20/2018,1154,185.91,185.96,185.88,185.95,20462
06/20/2018,1155,185.94,185.98,185.92,185.95,24086
06/20/2018,1156,185.96,185.96,185.9,185.92,12981
06/20/2018,1157,185.91,185.97,185.9,185.97,19631
06/20/2018,1158,185.96,186.07,185.96,186,34122
06/20/2018,1159,186.02,186.03,185.98,186.01,28086
06/20/2018,1200,186.01,186.09,185.95,186.06,38427
06/20/2018,1201,186.06,186.15,186.03,186.14,29638
06/20/2018,1202,186.13,186.19,186.09,186.16,21382
06/20/2018,1203,186.18,186.29,186.16,186.28,74505
06/20/2018,1204,186.28,186.31,186.23,186.3,43349
06/20/2018,1205,186.3,186.34,186.28,186.33,28557
06/20/2018,1206,186.33,186.33,186.24,186.25,30601
06/20/2018,1207,186.25,186.27,186.22,186.24,41862
06/20/2018,1208,186.24,186.34,186.24,186.32,30944
06/20/2018,1209,186.31,186.31,186.17,186.23,31615
06/20/2018,1210,186.22,186.26,186.21,186.22,14226
06/20/2018,1211,186.23,186.23,186.16,186.17,28724
06/20/2018,1212,186.16,186.25,186.15,186.24,21688
06/20/2018,1213,186.25,186.32,186.24,186.32,28243
06/20/2018,1214,186.31,186.33,186.28,186.31,28643
06/20/2018,1215,186.3,186.33,186.3,186.33,28124
06/20/2018,1216,186.33,186.38,186.32,186.35,36102
06/20/2018,1217,186.34,186.34,186.28,186.34,17965
06/20/2018,1218,186.34,186.34,186.3,186.32,20801
06/20/2018,1219,186.33,186.36,186.3,186.34,12892
06/20/2018,1220,186.33,186.37,186.32,186.36,26234
06/20/2018,1221,186.37,186.42,186.36,186.42,29030
06/20/2018,1222,186.41,186.42,186.39,186.41,11316
06/20/2018,1223,186.42,186.42,186.37,186.41,33068
06/20/2018,1224,186.41,186.47,186.41,186.47,29071
06/20/2018,1225,186.46,186.48,186.43,186.47,18319
06/20/2018,1226,186.47,186.51,186.44,186.45,50919
06/20/2018,1227,186.46,186.47,186.41,186.45,26083
06/20/2018,1228,186.46,186.55,186.44,186.54,27244
06/20/2018,1229,186.54,186.58,186.54,186.57,38306
06/20/2018,1230,186.57,186.58,186.54,186.56,32310
06/20/2018,1231,186.55,186.56,186.54,186.56,24131
06/20/2018,1232,186.57,186.57,186.54,186.55,31554
06/20/2018,1233,186.55,186.59,186.54,186.59,15136
06/20/2018,1234,186.59,186.64,186.57,186.62,36127
06/20/2018,1235,186.63,186.66,186.63,186.64,27188
06/20/2018,1236,186.65,186.65,186.61,186.63,31274
06/20/2018,1237,186.63,186.66,186.62,186.64,23965
06/20/2018,1238,186.63,186.72,186.63,186.69,40402
06/20/2018,1239,186.69,186.74,186.69,186.72,46142
06/20/2018,1240,186.71,186.76,186.69,186.75,32188
06/20/2018,1241,186.75,186.75,186.65,186.72,41022
06/20/2018,1242,186.73,186.79,186.71,186.78,49113
06/20/2018,1243,186.78,186.84,186.74,186.81,47192
06/20/2018,1244,186.81,186.86,186.77,186.85,35026
06/20/2018,1245,186.86,186.87,186.76,186.83,50510
06/20/2018,1246,186.84,186.84,186.79,186.8,20387
06/20/2018,1247,186.81,186.87,186.8,186.86,29515
06/20/2018,1248,186.87,186.9,186.82,186.82,36500
06/20/2018,1249,186.84,186.87,186.82,186.86,29455
06/20/2018,1250,186.86,186.92,186.85,186.91,34650
06/20/2018,1251,186.91,186.96,186.9,186.95,31747
06/20/2018,1252,186.95,186.96,186.88,186.88,35038
06/20/2018,1253,186.88,186.9,186.84,186.9,24173
06/20/2018,1254,186.9,186.91,186.86,186.91,17721
06/20/2018,1255,186.9,186.93,186.88,186.91,24710
06/20/2018,1256,186.9,186.93,186.86,186.9,24111
06/20/2018,1257,186.9,186.92,186.83,186.84,31302
06/20/2018,1258,186.84,186.87,186.8,186.85,20959
06/20/2018,1259,186.85,186.87,186.81,186.85,26532
06/20/2018,1300,186.84,186.9,186.82,186.89,19586
06/20/2018,1301,186.9,186.94,186.88,186.91,23377
06/20/2018,1302,186.92,186.94,186.84,186.84,21952
06/20/2018,1303,186.83,186.85,186.76,186.8,21015
06/20/2018,1304,186.79,186.8,186.76,186.79,34738
06/20/2018,1305,186.79,186.83,186.79,186.82,13128
06/20/2018,1306,186.82,186.86,186.8,186.84,17173
06/20/2018,1307,186.85,186.88,186.84,186.87,15518
06/20/2018,1308,186.87,186.9,186.86,186.88,17632
06/20/2018,1309,186.88,186.88,186.81,186.82,18404
06/20/2018,1310,186.82,186.85,186.81,186.85,18331
06/20/2018,1311,186.86,186.86,186.77,186.8,25115
06/20/2018,1312,186.8,186.86,186.8,186.82,34337
06/20/2018,1313,186.83,186.84,186.79,186.84,13954
06/20/2018,1314,186.84,186.85,186.74,186.76,38007
06/20/2018,1315,186.76,186.77,186.68,186.69,38585
06/20/2018,1316,186.68,186.71,186.68,186.69,25245
06/20/2018,1317,186.68,186.7,186.64,186.66,34809
06/20/2018,1318,186.67,186.72,186.67,186.71,20056
06/20/2018,1319,186.72,186.72,186.65,186.69,35986
06/20/2018,1320,186.7,186.73,186.7,186.71,12649
06/20/2018,1321,186.71,186.71,186.65,186.66,19047
06/20/2018,1322,186.66,186.68,186.65,186.67,13613
06/20/2018,1323,186.67,186.69,186.66,186.67,16518
06/20/2018,1324,186.67,186.68,186.64,186.65,27258
06/20/2018,1325,186.65,186.66,186.6,186.62,27202
06/20/2018,1326,186.61,186.63,186.59,186.62,34677
06/20/2018,1327,186.62,186.64,186.61,186.62,25848
06/20/2018,1328,186.62,186.64,186.61,186.62,27356
06/20/2018,1329,186.62,186.65,186.6,186.61,14769
06/20/2018,1330,186.61,186.62,186.6,186.62,20329
06/20/2018,1331,186.62,186.63,186.6,186.61,22920
06/20/2018,1332,186.6,186.63,186.6,186.62,21062
06/20/2018,1333,186.62,186.68,186.61,186.68,20497
06/20/2018,1334,186.67,186.74,186.67,186.67,23444
06/20/2018,1335,186.68,186.72,186.67,186.7,12014
06/20/2018,1336,186.72,186.75,186.7,186.7,10799
06/20/2018,1337,186.72,186.74,186.67,186.71,14977
06/20/2018,1338,186.72,186.73,186.69,186.7,18124
06/20/2018,1339,186.7,186.72,186.68,186.69,14707
06/20/2018,1340,186.69,186.69,186.66,186.66,14371
06/20/2018,1341,186.66,186.72,186.66,186.7,11580
06/20/2018,1342,186.71,186.76,186.69,186.76,11557
06/20/2018,1343,186.76,186.77,186.73,186.73,15617
06/20/2018,1344,186.74,186.75,186.71,186.74,18596
06/20/2018,1345,186.74,186.77,186.73,186.74,13388
06/20/2018,1346,186.74,186.75,186.69,186.72,18025
06/20/2018,1347,186.73,186.79,186.72,186.77,28403
06/20/2018,1348,186.78,186.86,186.78,186.86,18059
06/20/2018,1349,186.85,186.9,186.85,186.88,47763
06/20/2018,1350,186.87,186.89,186.84,186.87,19872
06/20/2018,1351,186.88,186.9,186.85,186.9,23711
06/20/2018,1352,186.9,186.97,186.89,186.96,58507
06/20/2018,1353,186.97,187.2,186.97,187.19,133335
06/20/2018,1354,187.19,187.2,187.11,187.12,45225
06/20/2018,1355,187.11,187.16,187.07,187.09,55306
06/20/2018,1356,187.09,187.19,187.08,187.17,21849
06/20/2018,1357,187.19,187.2,187.14,187.17,26267
06/20/2018,1358,187.17,187.17,187.13,187.14,19310
06/20/2018,1359,187.13,187.13,187.04,187.11,22764
06/20/2018,1400,187.13,187.13,187.02,187.05,36465
06/20/2018,1401,187.06,187.07,187.02,187.06,21810
06/20/2018,1402,187.06,187.07,187.04,187.04,25500
06/20/2018,1403,187.03,187.03,186.89,186.9,48446
06/20/2018,1404,186.89,186.92,186.87,186.89,41393
06/20/2018,1405,186.89,186.9,186.84,186.84,18302
06/20/2018,1406,186.84,186.86,186.77,186.77,28716
06/20/2018,1407,186.77,186.77,186.74,186.75,20979
06/20/2018,1408,186.75,186.77,186.71,186.73,18785
06/20/2018,1409,186.73,186.73,186.69,186.69,20111
06/20/2018,1410,186.7,186.7,186.64,186.68,34534
06/20/2018,1411,186.69,186.7,186.65,186.67,25704
06/20/2018,1412,186.68,186.74,186.63,186.73,51041
06/20/2018,1413,186.73,186.85,186.68,186.85,62094
06/20/2018,1414,186.84,186.86,186.78,186.85,37408
06/20/2018,1415,186.84,186.91,186.77,186.89,23156
06/20/2018,1416,186.91,186.94,186.8,186.8,32762
06/20/2018,1417,186.81,186.84,186.74,186.84,27210
06/20/2018,1418,186.84,186.98,186.79,186.81,45252
06/20/2018,1419,186.8,186.8,186.69,186.77,16817
06/20/2018,1420,186.75,186.76,186.73,186.73,18507
06/20/2018,1421,186.73,186.74,186.7,186.72,15526
06/20/2018,1422,186.73,186.8,186.73,186.78,18724
06/20/2018,1423,186.79,186.81,186.75,186.75,17144
06/20/2018,1424,186.76,186.79,186.73,186.76,15697
06/20/2018,1425,186.77,186.78,186.74,186.76,19769
06/20/2018,1426,186.75,186.75,186.68,186.73,19609
06/20/2018,1427,186.73,186.75,186.71,186.75,19062
06/20/2018,1428,186.74,186.77,186.73,186.76,21112
06/20/2018,1429,186.76,186.84,186.73,186.84,16837
06/20/2018,1430,186.83,186.83,186.77,186.79,14375
06/20/2018,1431,186.79,186.8,186.76,186.76,12005
06/20/2018,1432,186.77,186.78,186.74,186.76,17539
06/20/2018,1433,186.76,186.76,186.7,186.73,23293
06/20/2018,1434,186.73,186.75,186.68,186.69,12575
06/20/2018,1435,186.69,186.72,186.67,186.68,15258
06/20/2018,1436,186.68,186.73,186.67,186.73,22329
06/20/2018,1437,186.74,186.79,186.74,186.75,27085
06/20/2018,1438,186.76,186.77,186.7,186.74,15150
06/20/2018,1439,186.75,186.75,186.71,186.74,9477
06/20/2018,1440,186.74,186.74,186.72,186.73,8004
06/20/2018,1441,186.74,186.74,186.69,186.71,20685
06/20/2018,1442,186.7,186.7,186.62,186.64,50526
06/20/2018,1443,186.63,186.64,186.6,186.63,18337
06/20/2018,1444,186.63,186.63,186.42,186.52,153949
06/20/2018,1445,186.53,186.54,186.49,186.5,26062
06/20/2018,1446,186.5,186.54,186.5,186.53,23415
06/20/2018,1447,186.53,186.58,186.52,186.53,23066
06/20/2018,1448,186.52,186.55,186.52,186.53,19496
06/20/2018,1449,186.53,186.57,186.5,186.5,21156
06/20/2018,1450,186.49,186.56,186.47,186.56,17936
06/20/2018,1451,186.56,186.58,186.54,186.55,17070
06/20/2018,1452,186.55,186.56,186.49,186.54,13996
06/20/2018,1453,186.54,186.58,186.54,186.55,20760
06/20/2018,1454,186.54,186.56,186.53,186.56,8594
06/20/2018,1455,186.56,186.63,186.53,186.55,39735
06/20/2018,1456,186.56,186.56,186.42,186.44,32633
06/20/2018,1457,186.45,186.46,186.32,186.45,66049
06/20/2018,1458,186.45,186.48,186.35,186.48,34790
06/20/2018,1459,186.48,186.48,186.37,186.42,15698
06/20/2018,1500,186.42,186.43,186.33,186.34,32860
06/20/2018,1501,186.35,186.38,186.3,186.37,35556
06/20/2018,1502,186.36,186.41,186.36,186.4,14857
06/20/2018,1503,186.41,186.5,186.4,186.46,46097
06/20/2018,1504,186.46,186.46,186.36,186.41,20125
06/20/2018,1505,186.42,186.45,186.37,186.37,20540
06/20/2018,1506,186.38,186.53,186.36,186.44,41638
06/20/2018,1507,186.45,186.47,186.42,186.44,16510
06/20/2018,1508,186.44,186.61,186.39,186.6,37129
06/20/2018,1509,186.61,186.67,186.56,186.64,24173
06/20/2018,1510,186.65,186.66,186.61,186.62,22718
06/20/2018,1511,186.62,186.62,186.57,186.57,11226
06/20/2018,1512,186.57,186.68,186.54,186.68,30369
06/20/2018,1513,186.67,186.67,186.62,186.65,23860
06/20/2018,1514,186.65,186.68,186.62,186.65,42362
06/20/2018,1515,186.65,186.65,186.61,186.65,27516
06/20/2018,1516,186.65,186.65,186.58,186.59,37170
06/20/2018,1517,186.59,186.64,186.59,186.64,9774
06/20/2018,1518,186.65,186.66,186.6,186.65,21980
06/20/2018,1519,186.66,186.66,186.62,186.62,17625
06/20/2018,1520,186.61,186.65,186.58,186.64,22489
06/20/2018,1521,186.63,186.66,186.59,186.6,46018
06/20/2018,1522,186.61,186.63,186.55,186.56,18167
06/20/2018,1523,186.56,186.56,186.5,186.52,21209
06/20/2018,1524,186.53,186.56,186.47,186.55,19632
06/20/2018,1525,186.54,186.65,186.54,186.62,23855
06/20/2018,1526,186.61,186.61,186.57,186.61,13869
06/20/2018,1527,186.6,186.64,186.59,186.64,27840
06/20/2018,1528,186.63,186.64,186.6,186.64,28685
06/20/2018,1529,186.64,186.64,186.61,186.64,25172
06/20/2018,1530,186.65,186.7,186.63,186.7,33478
06/20/2018,1531,186.7,186.71,186.67,186.7,40519
06/20/2018,1532,186.7,186.77,186.67,186.77,39115
06/20/2018,1533,186.77,186.91,186.77,186.88,46924
06/20/2018,1534,186.88,186.91,186.84,186.9,42308
06/20/2018,1535,186.89,186.91,186.84,186.84,29599
06/20/2018,1536,186.84,186.84,186.76,186.77,50112
06/20/2018,1537,186.77,186.81,186.72,186.73,33640
06/20/2018,1538,186.72,186.73,186.67,186.69,34092
06/20/2018,1539,186.7,186.79,186.7,186.77,44558
06/20/2018,1540,186.77,186.78,186.73,186.73,36688
06/20/2018,1541,186.73,186.76,186.67,186.74,43368
06/20/2018,1542,186.73,186.73,186.62,186.68,58288
06/20/2018,1543,186.69,186.76,186.69,186.76,29981
06/20/2018,1544,186.75,186.79,186.71,186.73,45912
06/20/2018,1545,186.72,186.75,186.69,186.72,50087
06/20/2018,1546,186.72,186.73,186.69,186.71,41988
06/20/2018,1547,186.72,186.78,186.7,186.74,37709
06/20/2018,1548,186.74,186.8,186.73,186.79,43548
06/20/2018,1549,186.78,186.83,186.77,186.8,74493
06/20/2018,1550,186.8,186.9,186.44,186.57,170919
06/20/2018,1551,186.58,186.61,186.54,186.59,43151
06/20/2018,1552,186.59,186.62,186.4,186.44,85191
06/20/2018,1553,186.44,186.51,186.44,186.49,45136
06/20/2018,1554,186.49,186.54,186.47,186.54,37374
06/20/2018,1555,186.54,186.56,186.48,186.51,67563
06/20/2018,1556,186.5,186.6,186.49,186.54,53373
06/20/2018,1557,186.53,186.54,186.43,186.43,80547
06/20/2018,1558,186.43,186.58,186.38,186.56,201438
06/20/2018,1559,186.57,186.59,186.33,186.5,411581
06/21/2018,0930,187.21,187.46,187.05,187.32,337643
06/21/2018,0931,187.34,187.42,187.18,187.19,87969
06/21/2018,0932,187.2,187.21,186.96,187.06,61030
06/21/2018,0933,187.06,187.15,187.04,187.11,50009
06/21/2018,0934,187.1,187.21,187.03,187.13,42100
06/21/2018,0935,187.13,187.33,187.12,187.21,47461
06/21/2018,0936,187.2,187.36,187.18,187.27,39385
06/21/2018,0937,187.26,187.26,186.96,187.01,47591
06/21/2018,0938,187.01,187.07,187,187.02,43258
06/21/2018,0939,187.01,187.11,187.01,187.08,55108
06/21/2018,0940,187.08,187.17,187.03,187.15,48551
06/21/2018,0941,187.16,187.3,187.16,187.24,61164
06/21/2018,0942,187.25,187.4,187.22,187.4,54229
06/21/2018,0943,187.41,187.49,187.37,187.46,66634
06/21/2018,0944,187.46,187.64,187.44,187.56,96377
06/21/2018,0945,187.55,187.57,187.36,187.41,77071
06/21/2018,0946,187.41,187.6,187.41,187.59,45252
06/21/2018,0947,187.6,187.81,187.6,187.76,146278
06/21/2018,0948,187.76,187.79,187.7,187.71,63333
06/21/2018,0949,187.71,187.8,187.69,187.8,71638
06/21/2018,0950,187.81,187.99,187.8,187.98,84073
06/21/2018,0951,187.97,188.13,187.96,188.06,113126
06/21/2018,0952,188.05,188.33,188.04,188.28,96476
06/21/2018,0953,188.3,188.35,188.18,188.19,92542
06/21/2018,0954,188.19,188.27,188.19,188.26,67732
06/21/2018,0955,188.25,188.27,188.08,188.12,51306
06/21/2018,0956,188.13,188.23,188.1,188.13,74733
06/21/2018,0957,188.12,188.12,187.95,188.01,89602
06/21/2018,0958,188.01,188.19,188.01,188.14,66579
06/21/2018,0959,188.15,188.15,187.73,187.79,76398
06/21/2018,1000,187.78,187.78,187.62,187.63,84296
06/21/2018,1001,187.62,187.65,187.56,187.58,48497
06/21/2018,1002,187.58,187.7,187.58,187.68,41468
06/21/2018,1003,187.69,187.72,187.59,187.66,47462
06/21/2018,1004,187.66,187.66,187.43,187.46,47255
06/21/2018,1005,187.48,187.49,187.34,187.4,53840
06/21/2018,1006,187.38,187.42,187.26,187.28,49661
06/21/2018,1007,187.28,187.38,187.2,187.22,56889
06/21/2018,1008,187.21,187.26,187.16,187.24,63084
06/21/2018,1009,187.22,187.23,187.07,187.14,56763
06/21/2018,1010,187.14,187.33,187.14,187.32,59941
06/21/2018,1011,187.34,187.42,187.34,187.41,55443
06/21/2018,1012,187.42,187.47,187.36,187.38,69584
06/21/2018,1013,187.38,187.44,187.32,187.44,56565
06/21/2018,1014,187.45,187.54,187.42,187.49,71914
06/21/2018,1015,187.5,187.55,187.45,187.5,45873
06/21/2018,1016,187.51,187.73,187.48,187.73,129919
06/21/2018,1017,187.71,187.74,187.4,187.44,118742
06/21/2018,1018,187.44,187.49,187.16,187.18,104228
06/21/2018,1019,187.19,187.25,186.88,186.89,200832
06/21/2018,1020,186.89,187.09,186.85,186.96,77112
06/21/2018,1021,186.95,187.01,186.8,186.85,76278
06/21/2018,1022,186.84,187.02,186.7,186.84,77626
06/21/2018,1023,186.84,187.07,186.76,187.04,76271
06/21/2018,1024,187.06,187.09,186.99,187.07,48780
06/21/2018,1025,187.08,187.15,186.92,187.07,63228
06/21/2018,1026,187.09,187.12,186.93,187.07,42016
06/21/2018,1027,187.06,187.07,186.95,186.96,30763
06/21/2018,1028,186.96,187,186.86,186.97,55000
06/21/2018,1029,186.96,187.1,186.88,187.07,35770
06/21/2018,1030,187.08,187.28,187.07,187.27,59829
06/21/2018,1031,187.27,187.29,187.19,187.27,42309
06/21/2018,1032,187.27,187.29,187.16,187.29,40843
06/21/2018,1033,187.26,187.27,187.13,187.23,57601
06/21/2018,1034,187.24,187.25,187.15,187.21,25599
06/21/2018,1035,187.24,187.27,187.07,187.1,30187
06/21/2018,1036,187.08,187.09,186.89,187.02,63268
06/21/2018,1037,187.02,187.02,186.78,186.8,56446
06/21/2018,1038,186.8,187.02,186.79,187,63947
06/21/2018,1039,187,187.02,186.85,186.9,29438
06/21/2018,1040,186.9,186.93,186.79,186.81,27954
06/21/2018,1041,186.79,187.02,186.76,186.99,57314
06/21/2018,1042,186.98,187.01,186.9,186.98,22119
06/21/2018,1043,186.99,186.99,186.84,186.9,15416
06/21/2018,1044,186.9,186.96,186.79,186.93,50919
06/21/2018,1045,186.91,186.91,186.48,186.54,126267
06/21/2018,1046,186.54,186.87,186.46,186.86,69357
06/21/2018,1047,186.86,186.93,186.8,186.86,31659
06/21/2018,1048,186.86,186.86,186.63,186.68,46488
06/21/2018,1049,186.68,186.86,186.67,186.83,34574
06/21/2018,1050,186.84,186.87,186.74,186.74,57369
06/21/2018,1051,186.75,186.83,186.7,186.81,38108
06/21/2018,1052,186.83,186.9,186.78,186.83,40329
06/21/2018,1053,186.82,186.93,186.77,186.9,33166
06/21/2018,1054,186.9,186.97,186.9,186.96,52870
06/21/2018,1055,186.96,186.98,186.86,186.86,24666
06/21/2018,1056,186.87,186.88,186.78,186.82,28382
06/21/2018,1057,186.82,186.9,186.8,186.83,41954
06/21/2018,1058,186.81,186.87,186.73,186.75,37613
06/21/2018,1059,186.76,186.81,186.66,186.66,52313
06/21/2018,1100,186.65,186.74,186.52,186.62,65453
06/21/2018,1101,186.62,186.84,186.59,186.69,54572
06/21/2018,1102,186.7,186.72,186.59,186.65,27306
06/21/2018,1103,186.64,186.73,186.5,186.73,48948
06/21/2018,1104,186.72,186.74,186.61,186.63,29115
06/21/2018,1105,186.62,186.71,186.53,186.57,34641
06/21/2018,1106,186.56,186.57,186.38,186.44,72969
06/21/2018,1107,186.45,186.54,186.35,186.41,69653
06/21/2018,1108,186.43,186.56,186.4,186.48,27476
06/21/2018,1109,186.48,186.61,186.41,186.44,72647
06/21/2018,1110,186.44,186.54,186.37,186.37,34841
06/21/2018,1111,186.39,186.49,186.33,186.47,27990
06/21/2018,1112,186.47,186.59,186.39,186.59,34608
06/21/2018,1113,186.6,186.71,186.58,186.67,27195
06/21/2018,1114,186.67,186.77,186.62,186.71,29762
06/21/2018,1115,186.72,186.86,186.72,186.78,57999
06/21/2018,1116,186.79,186.8,186.72,186.77,22943
06/21/2018,1117,186.76,186.89,186.76,186.89,23914
06/21/2018,1118,186.89,186.9,186.79,186.82,15646
06/21/2018,1119,186.82,186.83,186.75,186.76,15296
06/21/2018,1120,186.75,186.76,186.67,186.69,26905
06/21/2018,1121,186.7,186.76,186.64,186.69,26935
06/21/2018,1122,186.7,186.77,186.7,186.74,20991
06/21/2018,1123,186.73,186.81,186.7,186.7,23320
06/21/2018,1124,186.73,186.8,186.72,186.75,12407
06/21/2018,1125,186.74,186.78,186.68,186.77,18560
06/21/2018,1126,186.81,186.93,186.8,186.82,55400
06/21/2018,1127,186.84,186.85,186.75,186.83,20589
06/21/2018,1128,186.84,186.87,186.74,186.74,12974
06/21/2018,1129,186.74,186.74,186.63,186.67,46286
06/21/2018,1130,186.67,186.87,186.67,186.87,40018
06/21/2018,1131,186.86,186.88,186.75,186.78,37982
06/21/2018,1132,186.78,186.79,186.71,186.75,21079
06/21/2018,1133,186.75,186.76,186.7,186.75,27877
06/21/2018,1134,186.74,186.74,186.67,186.69,18903
06/21/2018,1135,186.71,186.86,186.71,186.75,41546
06/21/2018,1136,186.76,186.78,186.68,186.71,37207
06/21/2018,1137,186.71,186.78,186.71,186.78,14028
06/21/2018,1138,186.79,186.84,186.77,186.82,13775
06/21/2018,1139,186.82,186.88,186.78,186.88,20233
06/21/2018,1140,186.87,186.88,186.77,186.8,22150
06/21/2018,1141,186.8,186.89,186.78,186.86,27508
06/21/2018,1142,186.87,186.9,186.84,186.9,13968
06/21/2018,1143,186.92,187.01,186.91,187.01,31040
06/21/2018,1144,187.02,187.15,187.02,187.15,38130
06/21/2018,1145,187.14,187.15,187.08,187.1,35368
06/21/2018,1146,187.1,187.17,187.1,187.13,18181
06/21/2018,1147,187.13,187.18,187.12,187.15,30263
06/21/2018,1148,187.15,187.23,187.14,187.23,21923
06/21/2018,1149,187.24,187.24,187.11,187.11,35723
06/21/2018,1150,187.1,187.16,187.07,187.09,45275
06/21/2018,1151,187.09,187.1,186.97,186.99,26028
06/21/2018,1152,186.98,186.98,186.89,186.93,36725
06/21/2018,1153,186.93,186.95,186.9,186.94,14797
06/21/2018,1154,186.94,186.98,186.9,186.94,22729
06/21/2018,1155,186.94,186.99,186.93,186.94,25350
06/21/2018,1156,186.93,186.96,186.9,186.94,24472
06/21/2018,1157,186.92,186.92,186.85,186.89,21534
06/21/2018,1158,186.9,186.92,186.83,186.84,20848
06/21/2018,1159,186.84,186.85,186.66,186.67,48100
06/21/2018,1200,186.66,186.68,186.57,186.59,64795
06/21/2018,1201,186.58,186.59,186.51,186.55,28985
06/21/2018,1202,186.55,186.55,186.37,186.42,48798
06/21/2018,1203,186.43,186.47,186.08,186.13,122662
06/21/2018,1204,186.12,186.16,185.94,185.99,94406
06/21/2018,1205,185.99,186.02,185.94,185.99,33962
06/21/2018,1206,185.98,186.05,185.97,186,98519
06/21/2018,1207,186,186.11,186,186.11,72865
06/21/2018,1208,186.11,186.15,186.01,186.13,42725
06/21/2018,1209,186.14,186.2,186.05,186.06,40965
06/21/2018,1210,186.06,186.08,186.02,186.03,20194
06/21/2018,1211,186.03,186.14,186,186.07,51670
06/21/2018,1212,186.07,186.16,186.04,186.16,14047
06/21/2018,1213,186.16,186.21,186.11,186.19,17823
06/21/2018,1214,186.2,186.29,186.18,186.27,47272
06/21/2018,1215,186.29,186.31,186.25,186.29,23442
06/21/2018,1216,186.28,186.34,186.24,186.3,27395
06/21/2018,1217,186.3,186.33,186.25,186.27,21270
06/21/2018,1218,186.29,186.3,186.08,186.1,62421
06/21/2018,1219,186.1,186.11,185.93,186.05,113375
06/21/2018,1220,186.05,186.14,185.99,186.13,27365
06/21/2018,1221,186.13,186.16,186.07,186.1,24942
06/21/2018,1222,186.11,186.15,186.07,186.12,15528
06/21/2018,1223,186.13,186.17,186.06,186.09,23038
06/21/2018,1224,186.1,186.12,186.03,186.06,23582
06/21/2018,1225,186.05,186.07,186,186.04,27027
06/21/2018,1226,186.03,186.07,185.97,185.97,55071
06/21/2018,1227,185.96,185.96,185.81,185.95,48105
06/21/2018,1228,185.96,185.98,185.64,185.7,88431
06/21/2018,1229,185.71,185.71,185.47,185.56,84755
06/21/2018,1230,185.54,185.54,185.39,185.5,105616
06/21/2018,1231,185.51,185.66,185.46,185.63,53909
06/21/2018,1232,185.63,185.64,185.52,185.52,44875
06/21/2018,1233,185.52,185.52,185.39,185.42,53794
06/21/2018,1234,185.44,185.44,185.09,185.11,94294
06/21/2018,1235,185.12,185.3,185.09,185.27,71300
06/21/2018,1236,185.26,185.38,185.24,185.35,57593
06/21/2018,1237,185.34,185.34,185.2,185.2,51686
06/21/2018,1238,185.2,185.27,185.18,185.19,60992
06/21/2018,1239,185.2,185.25,185.17,185.24,39773
06/21/2018,1240,185.24,185.27,185.18,185.22,52636
06/21/2018,1241,185.24,185.26,185.18,185.22,48063
06/21/2018,1242,185.22,185.25,185.13,185.14,51231
06/21/2018,1243,185.15,185.21,185.12,185.21,62058
06/21/2018,1244,185.22,185.37,185.18,185.37,38259
06/21/2018,1245,185.36,185.36,185.22,185.25,72384
06/21/2018,1246,185.25,185.37,185.25,185.36,38648
06/21/2018,1247,185.35,185.37,185.31,185.32,24206
06/21/2018,1248,185.32,185.39,185.29,185.39,20992
06/21/2018,1249,185.39,185.46,185.38,185.46,29868
06/21/2018,1250,185.46,185.5,185.45,185.47,24112
06/21/2018,1251,185.47,185.58,185.47,185.54,35848
06/21/2018,1252,185.54,185.56,185.49,185.49,35967
06/21/2018,1253,185.49,185.55,185.43,185.55,18204
06/21/2018,1254,185.55,185.6,185.52,185.6,23588
06/21/2018,1255,185.58,185.59,185.41,185.45,29320
06/21/2018,1256,185.46,185.54,185.46,185.47,22887
06/21/2018,1257,185.46,185.47,185.33,185.37,41505
06/21/2018,1258,185.36,185.41,185.33,185.35,21983
06/21/2018,1259,185.34,185.34,185.27,185.29,25740
06/21/2018,1300,185.29,185.3,185.24,185.29,32805
06/21/2018,1301,185.3,185.33,185.26,185.31,22725
06/21/2018,1302,185.3,185.39,185.3,185.37,22300
06/21/2018,1303,185.37,185.4,185.31,185.32,60910
06/21/2018,1304,185.31,185.35,185.28,185.34,18732
06/21/2018,1305,185.33,185.36,185.24,185.28,49987
06/21/2018,1306,185.27,185.37,185.25,185.35,41407
06/21/2018,1307,185.36,185.37,185.33,185.34,17988
06/21/2018,1308,185.35,185.37,185.26,185.26,48616
06/21/2018,1309,185.27,185.29,185.26,185.27,18385
06/21/2018,1310,185.27,185.34,185.18,185.34,84494
06/21/2018,1311,185.33,185.35,185.3,185.33,20191
06/21/2018,1312,185.32,185.35,185.31,185.32,17255
06/21/2018,1313,185.32,185.33,185.26,185.3,18278
06/21/2018,1314,185.29,185.33,185.29,185.33,18993
06/21/2018,1315,185.32,185.46,185.3,185.45,25328
06/21/2018,1316,185.46,185.5,185.43,185.49,29400
06/21/2018,1317,185.49,185.55,185.49,185.53,28703
06/21/2018,1318,185.54,185.57,185.54,185.54,23382
06/21/2018,1319,185.54,185.54,185.45,185.46,23939
06/21/2018,1320,185.46,185.49,185.44,185.49,19581
06/21/2018,1321,185.49,185.53,185.45,185.45,32145
06/21/2018,1322,185.44,185.62,185.39,185.61,53929
06/21/2018,1323,185.61,185.62,185.54,185.55,34867
06/21/2018,1324,185.55,185.59,185.51,185.52,17166
06/21/2018,1325,185.53,185.59,185.53,185.58,14149
06/21/2018,1326,185.58,185.6,185.54,185.55,21135
06/21/2018,1327,185.54,185.55,185.53,185.55,14056
06/21/2018,1328,185.55,185.57,185.5,185.51,18929
06/21/2018,1329,185.51,185.51,185.41,185.41,29982
06/21/2018,1330,185.41,185.58,185.41,185.57,19370
06/21/2018,1331,185.57,185.61,185.54,185.61,15789
06/21/2018,1332,185.6,185.6,185.48,185.49,21150
06/21/2018,1333,185.5,185.55,185.45,185.46,26115
06/21/2018,1334,185.46,185.5,185.45,185.49,11760
06/21/2018,1335,185.5,185.53,185.49,185.52,7762
06/21/2018,1336,185.52,185.56,185.5,185.51,18748
06/21/2018,1337,185.52,185.55,185.45,185.47,23465
06/21/2018,1338,185.48,185.54,185.48,185.48,18536
06/21/2018,1339,185.48,185.51,185.46,185.46,21472
06/21/2018,1340,185.47,185.51,185.41,185.43,25735
06/21/2018,1341,185.44,185.48,185.36,185.36,36652
06/21/2018,1342,185.36,185.46,185.33,185.46,20615
06/21/2018,1343,185.46,185.52,185.46,185.52,32025
06/21/2018,1344,185.53,185.53,185.47,185.48,25135
06/21/2018,1345,185.47,185.48,185.39,185.44,13958
06/21/2018,1346,185.44,185.46,185.38,185.46,12716
06/21/2018,1347,185.46,185.52,185.44,185.48,12401
06/21/2018,1348,185.49,185.5,185.44,185.47,14048
06/21/2018,1349,185.47,185.48,185.43,185.44,23307
06/21/2018,1350,185.44,185.45,185.28,185.33,37304
06/21/2018,1351,185.32,185.41,185.32,185.41,14340
06/21/2018,1352,185.41,185.45,185.33,185.36,20855
06/21/2018,1353,185.36,185.36,185.26,185.29,38643
06/21/2018,1354,185.28,185.28,185.2,185.27,26182
06/21/2018,1355,185.27,185.29,185.23,185.25,15828
06/21/2018,1356,185.25,185.27,185.2,185.23,34704
06/21/2018,1357,185.23,185.24,185.13,185.19,53688
06/21/2018,1358,185.2,185.22,185.14,185.2,24667
06/21/2018,1359,185.22,185.29,185.22,185.29,33172
06/21/2018,1400,185.28,185.3,185.21,185.3,22375
06/21/2018,1401,185.29,185.44,185.29,185.43,38278
06/21/2018,1402,185.45,185.5,185.4,185.42,23556
06/21/2018,1403,185.41,185.42,185.28,185.28,29773
06/21/2018,1404,185.29,185.32,185.2,185.27,27911
06/21/2018,1405,185.27,185.28,185.2,185.26,20637
06/21/2018,1406,185.26,185.32,185.15,185.32,54945
06/21/2018,1407,185.33,185.45,185.29,185.41,19245
06/21/2018,1408,185.42,185.44,185.37,185.44,12722
06/21/2018,1409,185.45,185.48,185.39,185.4,21122
06/21/2018,1410,185.41,185.52,185.41,185.52,25038
06/21/2018,1411,185.53,185.53,185.42,185.43,16649
06/21/2018,1412,185.43,185.52,185.43,185.49,18456
06/21/2018,1413,185.49,185.51,185.42,185.46,35490
06/21/2018,1414,185.45,185.51,185.42,185.51,20163
06/21/2018,1415,185.53,185.59,185.52,185.53,34203
06/21/2018,1416,185.53,185.6,185.5,185.5,29732
06/21/2018,1417,185.5,185.54,185.46,185.52,26320
06/21/2018,1418,185.53,185.53,185.44,185.48,13522
06/21/2018,1419,185.48,185.5,185.37,185.39,23521
06/21/2018,1420,185.4,185.46,185.37,185.41,22938
06/21/2018,1421,185.42,185.51,185.42,185.49,19415
06/21/2018,1422,185.49,185.52,185.42,185.44,24408
06/21/2018,1423,185.43,185.44,185.36,185.36,22699
06/21/2018,1424,185.37,185.4,185.34,185.39,15638
06/21/2018,1425,185.4,185.4,185.35,185.37,20251
06/21/2018,1426,185.37,185.4,185.36,185.36,13787
06/21/2018,1427,185.37,185.37,185.29,185.3,29268
06/21/2018,1428,185.29,185.36,185.27,185.35,23283
06/21/2018,1429,185.35,185.35,185.28,185.33,23540
06/21/2018,1430,185.34,185.48,185.34,185.47,22019
06/21/2018,1431,185.47,185.48,185.41,185.41,13728
06/21/2018,1432,185.42,185.48,185.41,185.46,13777
06/21/2018,1433,185.46,185.46,185.39,185.39,30064
06/21/2018,1434,185.39,185.41,185.36,185.36,17508
06/21/2018,1435,185.37,185.5,185.36,185.49,19846
06/21/2018,1436,185.49,185.52,185.47,185.5,32990
06/21/2018,1437,185.5,185.5,185.44,185.47,18624
06/21/2018,1438,185.47,185.47,185.38,185.39,19490
06/21/2018,1439,185.38,185.4,185.31,185.35,25699
06/21/2018,1440,185.36,185.36,185.3,185.31,12895
06/21/2018,1441,185.33,185.35,185.32,185.34,12000
06/21/2018,1442,185.34,185.34,185.28,185.28,16056
06/21/2018,1443,185.28,185.29,185.23,185.29,33986
06/21/2018,1444,185.29,185.31,185.26,185.31,20069
06/21/2018,1445,185.3,185.3,185.2,185.21,61341
06/21/2018,1446,185.21,185.21,185.12,185.16,38796
06/21/2018,1447,185.16,185.22,185.14,185.18,68749
06/21/2018,1448,185.18,185.21,185.13,185.16,23228
06/21/2018,1449,185.17,185.22,185.16,185.19,42649
06/21/2018,1450,185.21,185.21,185.11,185.14,45855
06/21/2018,1451,185.18,185.18,185.11,185.13,41260
06/21/2018,1452,185.12,185.15,185.08,185.15,60266
06/21/2018,1453,185.15,185.21,185.13,185.13,23013
06/21/2018,1454,185.14,185.25,185.13,185.2,25244
06/21/2018,1455,185.19,185.3,185.16,185.27,18171
06/21/2018,1456,185.27,185.29,185.16,185.16,17787
06/21/2018,1457,185.17,185.18,185.12,185.15,19883
06/21/2018,1458,185.14,185.18,185.11,185.12,24995
06/21/2018,1459,185.12,185.13,185.07,185.07,32097
06/21/2018,1500,185.07,185.21,185.06,185.21,59061
06/21/2018,1501,185.2,185.29,185.19,185.21,39123
06/21/2018,1502,185.21,185.28,185.2,185.26,22501
06/21/2018,1503,185.26,185.28,185.2,185.24,41246
06/21/2018,1504,185.23,185.25,185.21,185.23,15410
06/21/2018,1505,185.23,185.23,185.14,185.18,15957
06/21/2018,1506,185.19,185.27,185.19,185.22,27144
06/21/2018,1507,185.21,185.21,185.16,185.19,18371
06/21/2018,1508,185.21,185.37,185.17,185.37,38794
06/21/2018,1509,185.36,185.41,185.32,185.32,32754
06/21/2018,1510,185.31,185.31,185.19,185.19,20663
06/21/2018,1511,185.22,185.22,185.16,185.18,20741
06/21/2018,1512,185.18,185.22,185.13,185.21,19293
06/21/2018,1513,185.21,185.31,185.21,185.24,28665
06/21/2018,1514,185.24,185.28,185.21,185.21,31886
06/21/2018,1515,185.22,185.22,185.14,185.15,22258
06/21/2018,1516,185.15,185.2,185.13,185.15,29349
06/21/2018,1517,185.16,185.18,185.06,185.09,43253
06/21/2018,1518,185.07,185.17,185.04,185.16,37303
06/21/2018,1519,185.16,185.16,185.05,185.08,29546
06/21/2018,1520,185.09,185.09,185.01,185.05,48801
06/21/2018,1521,185.05,185.08,185.01,185.03,61946
06/21/2018,1522,185.03,185.11,184.94,185.07,168105
06/21/2018,1523,185.07,185.28,184.99,185.26,84912
06/21/2018,1524,185.26,185.4,185.13,185.3,103349
06/21/2018,1525,185.29,185.46,185.24,185.45,91369
06/21/2018,1526,185.45,185.57,185.39,185.4,63471
06/21/2018,1527,185.42,185.57,185.4,185.57,54335
06/21/2018,1528,185.54,185.56,185.45,185.52,31486
06/21/2018,1529,185.51,185.51,185.4,185.48,29048
06/21/2018,1530,185.46,185.46,185.36,185.41,28868
06/21/2018,1531,185.4,185.43,185.31,185.36,39764
06/21/2018,1532,185.35,185.44,185.28,185.31,30989
06/21/2018,1533,185.3,185.31,185.16,185.19,43286
06/21/2018,1534,185.18,185.22,185.12,185.18,21600
06/21/2018,1535,185.18,185.25,185.07,185.21,43921
06/21/2018,1536,185.21,185.22,185.1,185.11,30085
06/21/2018,1537,185.09,185.12,185.01,185.09,35786
06/21/2018,1538,185.09,185.09,185,185.05,48646
06/21/2018,1539,185.05,185.15,184.99,185.07,48475
06/21/2018,1540,185.07,185.1,184.99,185.02,50547
06/21/2018,1541,185.03,185.09,184.99,185.02,30775
06/21/2018,1542,185.01,185.08,184.97,185.05,48359
06/21/2018,1543,185.06,185.08,184.96,185.02,49200
06/21/2018,1544,185.02,185.11,184.97,185.04,54049
06/21/2018,1545,185.03,185.13,184.99,185.06,65002
06/21/2018,1546,185.07,185.14,185.02,185.08,60292
06/21/2018,1547,185.07,185.21,185.07,185.2,36824
06/21/2018,1548,185.22,185.25,185.17,185.24,43728
06/21/2018,1549,185.24,185.32,185.21,185.27,46002
06/21/2018,1550,185.27,185.33,185.07,185.3,114934
06/21/2018,1551,185.3,185.41,185.28,185.39,59463
06/21/2018,1552,185.38,185.41,185.35,185.39,48601
06/21/2018,1553,185.39,185.44,185.35,185.4,49287
06/21/2018,1554,185.41,185.41,185.31,185.34,54880
06/21/2018,1555,185.34,185.48,185.33,185.44,162232
06/21/2018,1556,185.44,185.48,185.4,185.46,51874
06/21/2018,1557,185.45,185.45,185.34,185.39,113953
06/21/2018,1558,185.39,185.48,185.38,185.4,84017
06/21/2018,1559,185.41,185.5,185.33,185.47,196832
06/22/2018,0930,185.91,186.13,185.83,186.01,271891
06/22/2018,0931,186.02,186.15,185.95,186.05,64054
06/22/2018,0932,186.02,186.14,185.91,185.94,53815
06/22/2018,0933,185.93,185.95,185.66,185.7,71701
06/22/2018,0934,185.71,185.94,185.71,185.91,61154
06/22/2018,0935,185.91,186.02,185.7,185.8,63812
06/22/2018,0936,185.8,185.83,185.54,185.58,72915
06/22/2018,0937,185.59,185.75,185.53,185.67,55946
06/22/2018,0938,185.68,185.82,185.62,185.66,62002
06/22/2018,0939,185.67,185.77,185.59,185.7,39508
06/22/2018,0940,185.7,185.76,185.64,185.7,40600
06/22/2018,0941,185.71,185.8,185.66,185.8,31680
06/22/2018,0942,185.8,185.82,185.43,185.46,72157
06/22/2018,0943,185.47,185.53,185.41,185.44,48051
06/22/2018,0944,185.44,185.48,185.36,185.4,47505
06/22/2018,0945,185.4,185.49,185.35,185.48,50476
06/22/2018,0946,185.49,185.49,185.19,185.2,63965
06/22/2018,0947,185.2,185.24,185.11,185.22,95036
06/22/2018,0948,185.22,185.26,185.12,185.18,59448
06/22/2018,0949,185.18,185.33,185.17,185.3,59201
06/22/2018,0950,185.29,185.56,185.27,185.56,48261
06/22/2018,0951,185.56,185.61,185.43,185.48,51418
06/22/2018,0952,185.47,185.53,185.4,185.53,44408
06/22/2018,0953,185.52,185.53,185.43,185.52,23654
06/22/2018,0954,185.54,185.67,185.44,185.61,60461
06/22/2018,0955,185.64,185.65,185.5,185.51,34573
06/22/2018,0956,185.5,185.54,185.39,185.5,37816
06/22/2018,0957,185.5,185.5,185.36,185.49,47529
06/22/2018,0958,185.5,185.71,185.5,185.71,48518
06/22/2018,0959,185.71,185.74,185.42,185.55,45974
06/22/2018,1000,185.54,185.54,185.39,185.43,54267
06/22/2018,1001,185.43,185.73,185.43,185.5,51823
06/22/2018,1002,185.49,185.65,185.46,185.62,33020
06/22/2018,1003,185.63,185.73,185.59,185.6,27540
06/22/2018,1004,185.6,185.65,185.56,185.6,26560
06/22/2018,1005,185.62,185.82,185.6,185.78,62934
06/22/2018,1006,185.79,185.8,185.73,185.76,46850
06/22/2018,1007,185.77,185.86,185.73,185.85,45238
06/22/2018,1008,185.85,185.87,185.73,185.76,46422
06/22/2018,1009,185.77,185.8,185.74,185.77,23472
06/22/2018,1010,185.75,185.81,185.69,185.77,33189
06/22/2018,1011,185.75,185.81,185.64,185.67,24653
06/22/2018,1012,185.65,185.71,185.59,185.67,49807
06/22/2018,1013,185.68,185.76,185.67,185.67,26268
06/22/2018,1014,185.68,185.7,185.58,185.6,35077
06/22/2018,1015,185.59,185.66,185.55,185.56,30422
06/22/2018,1016,185.57,185.58,185.5,185.51,26732
06/22/2018,1017,185.51,185.61,185.51,185.59,33247
06/22/2018,1018,185.58,185.59,185.44,185.55,42320
06/22/2018,1019,185.55,185.59,185.51,185.53,33584
06/22/2018,1020,185.54,185.54,185.37,185.38,46993
06/22/2018,1021,185.38,185.39,185.28,185.36,54430
06/22/2018,1022,185.36,185.42,185.33,185.34,24509
06/22/2018,1023,185.34,185.39,185.27,185.3,38502
06/22/2018,1024,185.3,185.32,185.23,185.25,49830
06/22/2018,1025,185.26,185.27,185.06,185.1,133560
06/22/2018,1026,185.09,185.3,185.08,185.21,36405
06/22/2018,1027,185.22,185.22,184.97,185.13,115393
06/22/2018,1028,185.12,185.18,185.05,185.05,45984
06/22/2018,1029,185.05,185.16,185.03,185.09,59037
06/22/2018,1030,185.1,185.1,184.99,185.07,41339
06/22/2018,1031,185.07,185.08,184.83,184.89,76781
06/22/2018,1032,184.89,185.02,184.86,184.9,49935
06/22/2018,1033,184.91,185,184.9,185,25634
06/22/2018,1034,185.01,185.16,184.9,185.13,68905
06/22/2018,1035,185.13,185.2,184.98,184.98,44644
06/22/2018,1036,185,185.25,185,185.1,42280
06/22/2018,1037,185.1,185.17,185.07,185.1,19756
06/22/2018,1038,185.11,185.12,184.92,184.98,35517
06/22/2018,1039,184.98,185.02,184.82,184.84,42364
06/22/2018,1040,184.84,185.04,184.83,184.98,60238
06/22/2018,1041,184.98,185.06,184.93,185.04,28104
06/22/2018,1042,185.03,185.1,184.93,185.02,34207
06/22/2018,1043,185.03,185.08,184.99,185.03,21311
06/22/2018,1044,185.05,185.09,184.99,185.06,35631
06/22/2018,1045,185.07,185.23,185.07,185.23,53293
06/22/2018,1046,185.22,185.26,185.15,185.18,27574
06/22/2018,1047,185.17,185.19,185.01,185.11,44621
06/22/2018,1048,185.1,185.22,185.09,185.17,33974
06/22/2018,1049,185.17,185.28,185.12,185.27,27486
06/22/2018,1050,185.26,185.36,185.21,185.35,40653
06/22/2018,1051,185.34,185.53,185.34,185.51,60184
06/22/2018,1052,185.49,185.51,185.37,185.41,23345
06/22/2018,1053,185.41,185.42,185.28,185.29,27326
06/22/2018,1054,185.3,185.45,185.3,185.39,31119
06/22/2018,1055,185.38,185.48,185.34,185.47,19889
06/22/2018,1056,185.47,185.48,185.42,185.47,23686
06/22/2018,1057,185.48,185.48,185.4,185.48,39044
06/22/2018,1058,185.48,185.6,185.46,185.56,58071
06/22/2018,1059,185.56,185.68,185.56,185.66,39452
06/22/2018,1100,185.65,185.71,185.62,185.68,38935
06/22/2018,1101,185.68,185.72,185.64,185.65,21404
06/22/2018,1102,185.65,185.67,185.59,185.6,24864
06/22/2018,1103,185.6,185.62,185.51,185.52,31768
06/22/2018,1104,185.52,185.56,185.5,185.5,31784
06/22/2018,1105,185.51,185.52,185.35,185.41,48528
06/22/2018,1106,185.41,185.45,185.35,185.38,14429
06/22/2018,1107,185.37,185.49,185.36,185.49,36011
06/22/2018,1108,185.5,185.54,185.46,185.53,30248
06/22/2018,1109,185.53,185.53,185.39,185.4,40178
06/22/2018,1110,185.4,185.46,185.32,185.33,22790
06/22/2018,1111,185.34,185.38,185.32,185.33,13772
06/22/2018,1112,185.34,185.48,185.34,185.48,12293
06/22/2018,1113,185.48,185.48,185.35,185.38,23017
06/22/2018,1114,185.37,185.39,185.32,185.37,12902
06/22/2018,1115,185.37,185.37,185.33,185.33,11319
06/22/2018,1116,185.34,185.37,185.3,185.34,18670
06/22/2018,1117,185.34,185.37,185.31,185.35,15261
06/22/2018,1118,185.34,185.36,185.28,185.29,17952
06/22/2018,1119,185.29,185.4,185.28,185.4,23298
06/22/2018,1120,185.4,185.43,185.37,185.4,21520
06/22/2018,1121,185.41,185.48,185.41,185.43,20540
06/22/2018,1122,185.42,185.42,185.36,185.4,11160
06/22/2018,1123,185.4,185.44,185.34,185.38,21509
06/22/2018,1124,185.39,185.39,185.17,185.18,35028
06/22/2018,1125,185.18,185.27,185.17,185.26,27148
06/22/2018,1126,185.26,185.3,185.22,185.29,17606
06/22/2018,1127,185.3,185.39,185.3,185.38,20527
06/22/2018,1128,185.39,185.46,185.37,185.41,28355
06/22/2018,1129,185.42,185.44,185.37,185.4,91165
06/22/2018,1130,185.4,185.44,185.34,185.34,23491
06/22/2018,1131,185.34,185.34,185.23,185.29,27563
06/22/2018,1132,185.32,185.37,185.31,185.32,16889
06/22/2018,1133,185.31,185.4,185.29,185.34,70091
06/22/2018,1134,185.32,185.33,185.27,185.32,19448
06/22/2018,1135,185.32,185.5,185.3,185.48,39607
06/22/2018,1136,185.45,185.5,185.44,185.44,27866
06/22/2018,1137,185.43,185.45,185.37,185.41,117999
06/22/2018,1138,185.41,185.44,185.4,185.42,9571
06/22/2018,1139,185.42,185.48,185.42,185.45,10669
06/22/2018,1140,185.44,185.44,185.33,185.4,15532
06/22/2018,1141,185.41,185.45,185.39,185.44,21038
06/22/2018,1142,185.44,185.48,185.41,185.43,11328
06/22/2018,1143,185.43,185.52,185.43,185.48,29557
06/22/2018,1144,185.49,185.54,185.46,185.54,12735
06/22/2018,1145,185.55,185.55,185.5,185.5,28057
06/22/2018,1146,185.5,185.56,185.5,185.56,27072
06/22/2018,1147,185.55,185.56,185.5,185.52,34986
06/22/2018,1148,185.51,185.52,185.48,185.49,15862
06/22/2018,1149,185.5,185.54,185.43,185.44,29285
06/22/2018,1150,185.45,185.47,185.39,185.41,26628
06/22/2018,1151,185.41,185.44,185.38,185.4,14900
06/22/2018,1152,185.4,185.4,185.35,185.38,20676
06/22/2018,1153,185.39,185.39,185.31,185.31,16656
06/22/2018,1154,185.32,185.36,185.32,185.35,15697
06/22/2018,1155,185.35,185.36,185.3,185.3,11438
06/22/2018,1156,185.3,185.32,185.26,185.3,16372
06/22/2018,1157,185.31,185.34,185.28,185.31,17423
06/22/2018,1158,185.3,185.31,185.27,185.27,19678
06/22/2018,1159,185.28,185.3,185.25,185.26,28056
06/22/2018,1200,185.27,185.29,185.2,185.21,31283
06/22/2018,1201,185.21,185.23,185.14,185.16,43118
06/22/2018,1202,185.16,185.17,185.08,185.12,36074
06/22/2018,1203,185.11,185.16,185.09,185.15,28327
06/22/2018,1204,185.16,185.26,185.16,185.26,22482
06/22/2018,1205,185.26,185.27,185.21,185.27,19906
06/22/2018,1206,185.27,185.29,185.23,185.29,15108
06/22/2018,1207,185.29,185.29,185.25,185.28,13184
06/22/2018,1208,185.28,185.28,185.25,185.26,9628
06/22/2018,1209,185.27,185.29,185.26,185.28,31186
06/22/2018,1210,185.29,185.35,185.29,185.34,16482
06/22/2018,1211,185.33,185.4,185.33,185.4,26521
06/22/2018,1212,185.39,185.4,185.38,185.39,21525
06/22/2018,1213,185.4,185.41,185.36,185.39,14094
06/22/2018,1214,185.4,185.45,185.4,185.44,20064
06/22/2018,1215,185.43,185.44,185.4,185.42,15399
06/22/2018,1216,185.42,185.49,185.4,185.4,39712
06/22/2018,1217,185.4,185.4,185.33,185.36,26212
06/22/2018,1218,185.35,185.37,185.32,185.33,27159
06/22/2018,1219,185.33,185.36,185.32,185.33,10157
06/22/2018,1220,185.33,185.33,185.24,185.25,17035
06/22/2018,1221,185.26,185.27,185.23,185.26,16314
06/22/2018,1222,185.25,185.3,185.24,185.29,10058
06/22/2018,1223,185.29,185.35,185.28,185.33,8602
06/22/2018,1224,185.32,185.32,185.26,185.27,10390
06/22/2018,1225,185.26,185.31,185.23,185.29,13850
06/22/2018,1226,185.29,185.35,185.28,185.34,10846
06/22/2018,1227,185.34,185.42,185.34,185.42,14812
06/22/2018,1228,185.43,185.43,185.37,185.4,16395
06/22/2018,1229,185.4,185.41,185.37,185.41,14763
06/22/2018,1230,185.4,185.45,185.38,185.39,25498
06/22/2018,1231,185.38,185.39,185.31,185.31,15493
06/22/2018,1232,185.32,185.42,185.32,185.41,25788
06/22/2018,1233,185.42,185.45,185.42,185.44,9422
06/22/2018,1234,185.43,185.45,185.4,185.44,19199
06/22/2018,1235,185.45,185.46,185.42,185.43,12940
06/22/2018,1236,185.43,185.47,185.42,185.46,10551
06/22/2018,1237,185.45,185.47,185.44,185.45,13244
06/22/2018,1238,185.45,185.49,185.45,185.48,13096
06/22/2018,1239,185.48,185.49,185.46,185.48,10846
06/22/2018,1240,185.49,185.51,185.47,185.51,18122
06/22/2018,1241,185.5,185.54,185.5,185.53,16068
06/22/2018,1242,185.52,185.58,185.51,185.58,23731
06/22/2018,1243,185.58,185.6,185.58,185.59,15182
06/22/2018,1244,185.59,185.63,185.58,185.6,27247
06/22/2018,1245,185.6,185.6,185.55,185.55,12474
06/22/2018,1246,185.55,185.59,185.54,185.58,14830
06/22/2018,1247,185.58,185.59,185.55,185.59,14952
06/22/2018,1248,185.58,185.59,185.54,185.57,13756
06/22/2018,1249,185.57,185.61,185.56,185.58,9072
06/22/2018,1250,185.58,185.62,185.57,185.62,10665
06/22/2018,1251,185.62,185.64,185.62,185.63,9333
06/22/2018,1252,185.63,185.67,185.62,185.66,18410
06/22/2018,1253,185.67,185.7,185.64,185.65,29783
06/22/2018,1254,185.65,185.65,185.57,185.58,27921
06/22/2018,1255,185.58,185.6,185.54,185.55,20469
06/22/2018,1256,185.54,185.63,185.54,185.62,11724
06/22/2018,1257,185.62,185.63,185.59,185.6,7892
06/22/2018,1258,185.61,185.65,185.6,185.64,17059
06/22/2018,1259,185.63,185.69,185.63,185.68,9497
06/22/2018,1300,185.68,185.73,185.66,185.73,13290
06/22/2018,1301,185.71,185.78,185.71,185.77,16976
06/22/2018,1302,185.76,185.82,185.76,185.81,30373
06/22/2018,1303,185.8,185.83,185.8,185.83,23713
06/22/2018,1304,185.82,185.86,185.82,185.83,24145
06/22/2018,1305,185.83,185.94,185.82,185.9,40632
06/22/2018,1306,185.91,185.95,185.91,185.91,15201
06/22/2018,1307,185.9,185.94,185.9,185.94,11442
06/22/2018,1308,185.94,185.94,185.9,185.92,14230
06/22/2018,1309,185.92,185.96,185.91,185.92,19054
06/22/2018,1310,185.92,185.94,185.91,185.93,25550
06/22/2018,1311,185.93,185.95,185.84,185.85,47890
06/22/2018,1312,185.85,185.87,185.8,185.82,37757
06/22/2018,1313,185.83,185.84,185.79,185.79,30661
06/22/2018,1314,185.78,185.79,185.75,185.77,24033
06/22/2018,1315,185.77,185.79,185.76,185.77,17576
06/22/2018,1316,185.78,185.78,185.75,185.76,15302
06/22/2018,1317,185.76,185.77,185.74,185.76,19721
06/22/2018,1318,185.76,185.76,185.7,185.7,13416
06/22/2018,1319,185.7,185.71,185.62,185.64,40481
06/22/2018,1320,185.63,185.64,185.58,185.59,21243
06/22/2018,1321,185.61,185.68,185.61,185.66,40055
06/22/2018,1322,185.67,185.76,185.67,185.71,23977
06/22/2018,1323,185.71,185.72,185.67,185.68,14109
06/22/2018,1324,185.69,185.71,185.66,185.7,16044
06/22/2018,1325,185.69,185.73,185.68,185.72,9223
06/22/2018,1326,185.73,185.77,185.73,185.75,30345
06/22/2018,1327,185.75,185.77,185.72,185.76,16415
06/22/2018,1328,185.75,185.8,185.75,185.79,26763
06/22/2018,1329,185.79,185.79,185.75,185.76,15791
06/22/2018,1330,185.77,185.79,185.66,185.7,37695
06/22/2018,1331,185.69,185.69,185.61,185.63,33397
06/22/2018,1332,185.62,185.63,185.59,185.63,16944
06/22/2018,1333,185.62,185.65,185.61,185.61,10179
06/22/2018,1334,185.62,185.64,185.59,185.62,17614
06/22/2018,1335,185.62,185.67,185.61,185.63,9767
06/22/2018,1336,185.63,185.66,185.62,185.66,19759
06/22/2018,1337,185.65,185.65,185.6,185.64,28911
06/22/2018,1338,185.65,185.74,185.65,185.72,26863
06/22/2018,1339,185.72,185.79,185.72,185.79,21178
06/22/2018,1340,185.79,185.81,185.77,185.8,19690
06/22/2018,1341,185.8,185.85,185.8,185.84,23860
06/22/2018,1342,185.84,185.87,185.82,185.86,10168
06/22/2018,1343,185.85,185.87,185.85,185.85,6555
06/22/2018,1344,185.85,185.86,185.77,185.8,53358
06/22/2018,1345,185.79,185.8,185.73,185.76,19716
06/22/2018,1346,185.76,185.77,185.74,185.77,14092
06/22/2018,1347,185.78,185.81,185.75,185.75,7460
06/22/2018,1348,185.75,185.76,185.7,185.71,35391
06/22/2018,1349,185.7,185.72,185.66,185.67,29811
06/22/2018,1350,185.67,185.73,185.67,185.71,17668
06/22/2018,1351,185.72,185.73,185.7,185.71,14260
06/22/2018,1352,185.72,185.76,185.72,185.72,7718
06/22/2018,1353,185.71,185.72,185.7,185.72,13771
06/22/2018,1354,185.73,185.77,185.73,185.75,15681
06/22/2018,1355,185.76,185.84,185.76,185.82,14279
06/22/2018,1356,185.82,185.83,185.78,185.83,13385
06/22/2018,1357,185.82,185.88,185.81,185.84,25008
06/22/2018,1358,185.85,185.85,185.76,185.78,20771
06/22/2018,1359,185.77,185.8,185.75,185.78,25999
06/22/2018,1400,185.78,185.8,185.76,185.77,20245
06/22/2018,1401,185.77,185.79,185.76,185.77,15393
06/22/2018,1402,185.76,185.78,185.75,185.77,8421
06/22/2018,1403,185.78,185.81,185.77,185.78,7997
06/22/2018,1404,185.78,185.82,185.78,185.81,9934
06/22/2018,1405,185.81,185.81,185.69,185.69,24494
06/22/2018,1406,185.69,185.7,185.62,185.62,26159
06/22/2018,1407,185.62,185.67,185.61,185.66,21524
06/22/2018,1408,185.65,185.68,185.64,185.66,21270
06/22/2018,1409,185.66,185.66,185.61,185.66,23176
06/22/2018,1410,185.67,185.69,185.65,185.66,11440
06/22/2018,1411,185.66,185.67,185.63,185.64,18886
06/22/2018,1412,185.64,185.64,185.6,185.62,19506
06/22/2018,1413,185.63,185.65,185.62,185.65,8353
06/22/2018,1414,185.65,185.66,185.6,185.6,9085
06/22/2018,1415,185.6,185.62,185.58,185.59,34153
06/22/2018,1416,185.57,185.58,185.54,185.55,20784
06/22/2018,1417,185.56,185.57,185.54,185.55,14395
06/22/2018,1418,185.56,185.56,185.53,185.56,11842
06/22/2018,1419,185.56,185.57,185.55,185.55,10228
06/22/2018,1420,185.55,185.56,185.51,185.56,18683
06/22/2018,1421,185.56,185.58,185.55,185.56,8453
06/22/2018,1422,185.55,185.58,185.53,185.53,15883
06/22/2018,1423,185.54,185.54,185.48,185.51,21397
06/22/2018,1424,185.51,185.51,185.46,185.51,25455
06/22/2018,1425,185.52,185.56,185.52,185.54,10740
06/22/2018,1426,185.55,185.6,185.55,185.58,15767
06/22/2018,1427,185.57,185.6,185.55,185.59,16319
06/22/2018,1428,185.59,185.64,185.56,185.62,22568
06/22/2018,1429,185.61,185.63,185.59,185.63,13176
06/22/2018,1430,185.63,185.65,185.61,185.62,16045
06/22/2018,1431,185.63,185.63,185.61,185.62,12516
06/22/2018,1432,185.63,185.63,185.55,185.55,35910
06/22/2018,1433,185.55,185.56,185.49,185.49,14712
06/22/2018,1434,185.5,185.53,185.48,185.51,20012
06/22/2018,1435,185.52,185.58,185.52,185.56,28807
06/22/2018,1436,185.56,185.66,185.56,185.65,15429
06/22/2018,1437,185.64,185.72,185.63,185.7,14675
06/22/2018,1438,185.69,185.72,185.65,185.69,14386
06/22/2018,1439,185.69,185.71,185.67,185.67,11881
06/22/2018,1440,185.66,185.71,185.66,185.7,44382
06/22/2018,1441,185.7,185.71,185.68,185.7,17202
06/22/2018,1442,185.7,185.7,185.65,185.66,17592
06/22/2018,1443,185.66,185.73,185.64,185.72,30459
06/22/2018,1444,185.72,185.75,185.68,185.73,21645
06/22/2018,1445,185.73,185.73,185.7,185.71,12658
06/22/2018,1446,185.71,185.72,185.7,185.71,10051
06/22/2018,1447,185.72,185.73,185.67,185.67,12598
06/22/2018,1448,185.68,185.83,185.68,185.83,48653
06/22/2018,1449,185.83,185.87,185.77,185.83,48900
06/22/2018,1450,185.84,185.85,185.78,185.82,24088
06/22/2018,1451,185.82,185.86,185.76,185.77,14658
06/22/2018,1452,185.76,185.82,185.76,185.81,14583
06/22/2018,1453,185.8,185.82,185.77,185.77,9062
06/22/2018,1454,185.78,185.79,185.76,185.76,9398
06/22/2018,1455,185.76,185.76,185.73,185.75,9929
06/22/2018,1456,185.74,185.76,185.72,185.74,8885
06/22/2018,1457,185.74,185.75,185.68,185.73,11895
06/22/2018,1458,185.74,185.79,185.74,185.77,10265
06/22/2018,1459,185.76,185.78,185.73,185.78,10540
06/22/2018,1500,185.78,185.8,185.7,185.7,15412
06/22/2018,1501,185.7,185.73,185.68,185.69,10998
06/22/2018,1502,185.7,185.76,185.68,185.75,13228
06/22/2018,1503,185.74,185.75,185.69,185.7,9818
06/22/2018,1504,185.69,185.71,185.68,185.69,21134
06/22/2018,1505,185.7,185.72,185.64,185.66,13634
06/22/2018,1506,185.67,185.7,185.67,185.69,15282
06/22/2018,1507,185.69,185.78,185.68,185.77,14610
06/22/2018,1508,185.78,185.79,185.75,185.79,14016
06/22/2018,1509,185.78,185.84,185.76,185.82,18352
06/22/2018,1510,185.81,185.81,185.74,185.78,15108
06/22/2018,1511,185.78,185.81,185.75,185.81,16415
06/22/2018,1512,185.81,185.83,185.76,185.79,16660
06/22/2018,1513,185.79,185.83,185.76,185.82,27881
06/22/2018,1514,185.81,185.84,185.79,185.81,18389
06/22/2018,1515,185.81,185.81,185.78,185.79,13016
06/22/2018,1516,185.78,185.83,185.78,185.79,14274
06/22/2018,1517,185.79,185.79,185.71,185.73,15552
06/22/2018,1518,185.73,185.76,185.72,185.72,14918
06/22/2018,1519,185.73,185.73,185.67,185.68,19367
06/22/2018,1520,185.68,185.7,185.64,185.7,29310
06/22/2018,1521,185.7,185.76,185.69,185.76,19924
06/22/2018,1522,185.76,185.77,185.75,185.75,13496
06/22/2018,1523,185.74,185.76,185.71,185.71,35692
06/22/2018,1524,185.72,185.77,185.71,185.77,25662
06/22/2018,1525,185.77,185.81,185.77,185.78,25984
06/22/2018,1526,185.79,185.81,185.75,185.75,10525
06/22/2018,1527,185.75,185.83,185.75,185.8,21801
06/22/2018,1528,185.8,185.8,185.76,185.77,16290
06/22/2018,1529,185.76,185.77,185.75,185.77,12950
06/22/2018,1530,185.77,185.77,185.69,185.71,23757
06/22/2018,1531,185.71,185.75,185.67,185.74,23564
06/22/2018,1532,185.74,185.8,185.73,185.8,23973
06/22/2018,1533,185.81,185.84,185.79,185.82,33358
06/22/2018,1534,185.82,185.85,185.8,185.85,23004
06/22/2018,1535,185.85,185.86,185.82,185.83,32643
06/22/2018,1536,185.82,185.86,185.8,185.85,38442
06/22/2018,1537,185.85,185.87,185.78,185.79,49493
06/22/2018,1538,185.79,185.79,185.72,185.74,32119
06/22/2018,1539,185.74,185.75,185.67,185.69,35081
06/22/2018,1540,185.7,185.77,185.7,185.75,22841
06/22/2018,1541,185.75,185.83,185.74,185.82,31526
06/22/2018,1542,185.82,185.89,185.82,185.86,47094
06/22/2018,1543,185.86,185.87,185.77,185.78,30653
06/22/2018,1544,185.77,185.85,185.76,185.83,42438
06/22/2018,1545,185.83,185.97,185.83,185.94,74964
06/22/2018,1546,185.94,185.96,185.87,185.9,54322
06/22/2018,1547,185.89,185.96,185.87,185.94,42613
06/22/2018,1548,185.93,185.95,185.9,185.91,31560
06/22/2018,1549,185.91,185.94,185.88,185.9,40635
06/22/2018,1550,185.88,186,185.62,185.63,282513
06/22/2018,1551,185.64,185.64,185.5,185.52,119181
06/22/2018,1552,185.52,185.53,185.41,185.41,77863
06/22/2018,1553,185.42,185.53,185.41,185.42,84883
06/22/2018,1554,185.43,185.49,185.36,185.36,120875
06/22/2018,1555,185.36,185.37,185.28,185.32,111320
06/22/2018,1556,185.32,185.47,185.32,185.36,84654
06/22/2018,1557,185.36,185.36,185.22,185.23,112804
06/22/2018,1558,185.23,185.23,185.17,185.22,231633
06/22/2018,1559,185.21,185.22,184.7,184.92,865491
